Project_ID,Project_Name,Start_Date,End_Date,Total_Cost,Budget,Duration,Materials_Cost,Labor_Cost
1,Project 1,2021-01-12,2021-03-21,63261,63261,68,18664,44597
2,Project 2,2022-03-21,2022-11-08,192567,192567,232,49825,142742
3,Project 3,2019-12-12,2020-02-21,105057,105057,71,23554,81503
4,Project 4,2020-04-06,2020-12-10,94300,94300,248,53923,40377
5,Project 5,2022-09-27,2023-03-04,443861,443861,158,142091,301770
6,Project 6,2022-08-02,2023-02-03,467626,467626,185,119968,347658
7,Project 7,2019-06-17,2019-08-30,162569,162569,74,96158,66411
8,Project 8,2020-12-05,2021-03-27,304974,304974,112,140637,164337
9,Project 9,2019-05-27,2019-12-22,263414,263414,209,148941,114473
10,Project 10,2020-03-09,2020-11-25,170015,170015,261,75321,94694
11,Project 11,2018-08-28,2018-10-27,176307,176307,60,103435,72872
12,Project 12,2019-07-23,2019-09-28,65953,65953,67,21999,43954
13,Project 13,2022-04-25,2022-10-23,321315,321315,181,86533,234782
14,Project 14,2018-11-07,2019-03-30,182115,182115,143,82982,99133
15,Project 15,2020-09-05,2021-06-17,155820,155820,285,46782,109038
16,Project 16,2019-08-04,2020-06-27,338518,338518,328,86665,251853
17,Project 17,2018-01-26,2018-12-11,412064,412064,319,143827,268237
18,Project 18,2021-07-14,2022-07-12,263898,263898,363,69164,194734
19,Project 19,2022-09-26,2023-06-19,131627,131627,266,76498,55129
20,Project 20,2022-11-13,2023-03-05,495787,495787,112,236898,258889
21,Project 21,2019-11-02,2020-09-18,320730,320730,321,84756,235974
22,Project 22,2020-11-15,2021-07-08,432191,432191,235,108828,323363
23,Project 23,2020-12-03,2021-11-15,448803,448803,347,137879,310924
24,Project 24,2022-11-09,2023-08-05,310971,310971,269,122439,188532
25,Project 25,2020-03-30,2020-12-26,132435,132435,271,53185,79250
26,Project 26,2018-03-17,2018-11-18,290309,290309,246,71410,218899
27,Project 27,2022-10-18,2023-10-13,199919,199919,360,80948,118971
28,Project 28,2019-09-05,2019-11-02,431055,431055,58,225672,205383
29,Project 29,2022-09-23,2023-05-26,65658,65658,245,29735,35923
30,Project 30,2021-03-14,2021-07-30,284837,284837,138,66532,218305
31,Project 31,2019-03-10,2020-02-15,184307,184307,342,93762,90545
32,Project 32,2020-05-21,2021-02-24,121228,121228,279,71976,49252
33,Project 33,2021-09-18,2022-06-18,145166,145166,273,30186,114980
34,Project 34,2022-05-05,2022-11-12,482062,482062,191,275561,206501
35,Project 35,2019-03-01,2019-10-05,273267,273267,218,71832,201435
36,Project 36,2022-08-07,2023-07-30,191281,191281,357,107676,83605
37,Project 37,2021-02-22,2021-05-26,133823,133823,93,60533,73290
38,Project 38,2020-11-25,2021-01-22,266533,266533,58,62737,203796
39,Project 39,2019-02-05,2019-07-26,157095,157095,171,62634,94461
40,Project 40,2019-10-13,2020-04-09,197195,197195,179,116450,80745
41,Project 41,2018-04-14,2018-09-28,133391,133391,167,42465,90926
42,Project 42,2018-08-06,2018-09-22,391072,391072,47,159130,231942
43,Project 43,2021-06-23,2022-02-24,198059,198059,246,97149,100910
44,Project 44,2021-01-26,2021-04-19,76355,76355,83,42681,33674
45,Project 45,2018-06-10,2018-09-27,482921,482921,109,233905,249016
46,Project 46,2020-06-29,2020-10-03,267006,267006,96,83606,183400
47,Project 47,2022-08-08,2023-07-17,266265,266265,343,125601,140664
48,Project 48,2019-06-30,2020-01-13,80184,80184,197,29960,50224
49,Project 49,2018-06-03,2018-12-07,251309,251309,187,140912,110397
50,Project 50,2022-04-17,2022-12-09,259121,259121,236,86462,172659
51,Project 51,2019-12-06,2020-04-13,316353,316353,129,104230,212123
52,Project 52,2018-06-27,2018-11-29,78510,78510,155,33461,45049
53,Project 53,2020-11-17,2021-03-03,478030,478030,106,162047,315983
54,Project 54,2021-07-10,2022-01-12,69570,69570,186,37967,31603
55,Project 55,2019-11-21,2020-08-14,427345,427345,267,215230,212115
56,Project 56,2020-02-04,2020-11-01,169397,169397,271,95998,73399
57,Project 57,2020-05-21,2020-06-20,102284,102284,30,56954,45330
58,Project 58,2020-07-30,2021-07-17,96215,96215,352,29446,66769
59,Project 59,2020-05-15,2020-12-28,208955,208955,227,94506,114449
60,Project 60,2021-07-12,2021-09-11,157508,157508,61,37567,119941
61,Project 61,2022-12-20,2023-08-13,305199,305199,236,173489,131710
62,Project 62,2021-03-03,2021-04-04,67342,67342,32,33148,34194
63,Project 63,2020-06-29,2020-10-26,421454,421454,119,102120,319334
64,Project 64,2020-08-22,2021-03-12,301463,301463,202,135151,166312
65,Project 65,2019-02-26,2019-12-01,80780,80780,278,46173,34607
66,Project 66,2022-10-07,2023-04-24,462419,462419,199,100837,361582
67,Project 67,2021-11-26,2022-01-29,274943,274943,64,133093,141850
68,Project 68,2018-06-02,2018-12-09,305204,305204,190,101791,203413
69,Project 69,2020-03-23,2020-11-07,253452,253452,229,146326,107126
70,Project 70,2018-02-18,2018-05-29,232988,232988,100,96576,136412
71,Project 71,2022-01-28,2022-12-09,284882,284882,315,72237,212645
72,Project 72,2019-12-02,2020-01-16,394678,394678,45,172649,222029
73,Project 73,2019-04-03,2019-09-14,435620,435620,164,224871,210749
74,Project 74,2019-02-14,2019-04-06,200760,200760,51,59112,141648
75,Project 75,2019-06-03,2019-12-16,397712,397712,196,170402,227310
76,Project 76,2022-11-21,2023-07-01,109046,109046,222,36746,72300
77,Project 77,2020-11-16,2021-01-27,117736,117736,72,28840,88896
78,Project 78,2021-04-01,2021-11-10,170950,170950,223,44361,126589
79,Project 79,2021-05-15,2022-04-01,330472,330472,321,123940,206532
80,Project 80,2018-11-26,2019-06-24,56050,56050,210,14058,41992
81,Project 81,2022-11-14,2023-03-02,345789,345789,108,183334,162455
82,Project 82,2022-08-06,2022-09-18,298188,298188,43,127397,170791
83,Project 83,2020-06-10,2021-02-25,170853,170853,260,66701,104152
84,Project 84,2022-03-16,2023-02-16,267385,267385,337,117957,149428
85,Project 85,2021-01-30,2021-07-20,106392,106392,171,48196,58196
86,Project 86,2019-02-18,2019-06-09,317870,317870,111,179269,138601
87,Project 87,2022-12-06,2023-05-17,474893,474893,162,132108,342785
88,Project 88,2018-01-29,2018-05-08,474999,474999,99,198433,276566
89,Project 89,2020-05-18,2020-09-10,66703,66703,115,36302,30401
90,Project 90,2022-01-29,2022-06-23,265088,265088,145,156927,108161
91,Project 91,2020-01-13,2020-08-09,200429,200429,209,43095,157334
92,Project 92,2020-10-02,2021-04-24,95924,95924,204,35725,60199
93,Project 93,2021-03-06,2021-12-28,268027,268027,297,55765,212262
94,Project 94,2021-09-06,2021-12-31,444230,444230,116,169804,274426
95,Project 95,2020-08-03,2020-10-21,84971,84971,79,34850,50121
96,Project 96,2020-03-31,2020-05-04,370853,370853,34,75895,294958
97,Project 97,2019-11-16,2020-03-28,366618,366618,133,214722,151896
98,Project 98,2020-08-10,2020-09-25,357860,357860,46,144643,213217
99,Project 99,2018-08-13,2018-09-17,198255,198255,35,106229,92026
100,Project 100,2019-05-31,2020-01-02,256395,256395,216,141527,114868
101,Project 101,2022-03-12,2022-07-04,489866,489866,114,199697,290169
102,Project 102,2022-04-26,2022-12-02,56368,56368,220,30347,26021
103,Project 103,2018-08-31,2019-06-17,456313,456313,290,100707,355606
104,Project 104,2021-10-23,2022-04-13,130404,130404,172,77340,53064
105,Project 105,2019-11-13,2020-08-24,193412,193412,285,82906,110506
106,Project 106,2018-09-16,2019-02-19,338773,338773,156,130928,207845
107,Project 107,2021-04-17,2021-05-29,411610,411610,42,206700,204910
108,Project 108,2020-08-13,2021-03-11,388882,388882,210,121647,267235
109,Project 109,2022-04-11,2022-12-18,319547,319547,251,104595,214952
110,Project 110,2019-01-18,2019-05-26,376280,376280,128,82540,293740
111,Project 111,2021-07-06,2022-06-12,141396,141396,341,53321,88075
112,Project 112,2018-05-23,2019-03-04,172564,172564,285,62710,109854
113,Project 113,2022-11-14,2023-02-10,148456,148456,88,36626,111830
114,Project 114,2022-09-01,2022-11-16,189382,189382,76,104480,84902
115,Project 115,2021-07-04,2021-08-24,163391,163391,51,60666,102725
116,Project 116,2020-06-25,2021-01-20,189597,189597,209,45830,143767
117,Project 117,2019-11-12,2020-02-26,417406,417406,106,219299,198107
118,Project 118,2020-05-20,2020-06-19,254588,254588,30,116968,137620
119,Project 119,2021-02-09,2021-11-27,51431,51431,291,18502,32929
120,Project 120,2018-09-11,2019-08-30,318678,318678,353,157957,160721
121,Project 121,2020-01-20,2020-04-10,92001,92001,81,51835,40166
122,Project 122,2019-08-07,2020-02-25,263665,263665,202,111811,151854
123,Project 123,2019-12-11,2020-07-12,89024,89024,214,47251,41773
124,Project 124,2022-08-08,2023-05-02,78833,78833,267,18438,60395
125,Project 125,2019-07-24,2019-11-20,357466,357466,119,155322,202144
126,Project 126,2020-02-17,2020-10-07,347604,347604,233,113351,234253
127,Project 127,2021-02-17,2021-11-08,84377,84377,264,50118,34259
128,Project 128,2022-08-26,2022-12-23,304944,304944,119,141347,163597
129,Project 129,2018-05-09,2019-01-01,477139,477139,237,148074,329065
130,Project 130,2019-11-03,2020-09-20,367473,367473,322,165387,202086
131,Project 131,2020-07-10,2021-01-01,463542,463542,175,159854,303688
132,Project 132,2020-06-14,2020-08-30,177146,177146,77,72263,104883
133,Project 133,2019-02-07,2019-04-29,381099,381099,81,90870,290229
134,Project 134,2019-08-19,2020-04-08,109240,109240,233,38879,70361
135,Project 135,2018-01-09,2018-12-19,85068,85068,344,37352,47716
136,Project 136,2020-03-27,2021-03-27,199417,199417,365,115836,83581
137,Project 137,2021-09-04,2021-11-18,92314,92314,75,52628,39686
138,Project 138,2021-06-13,2022-01-29,311843,311843,230,166559,145284
139,Project 139,2019-03-22,2020-03-20,469350,469350,364,271063,198287
140,Project 140,2018-05-24,2019-05-17,350022,350022,358,113255,236767
141,Project 141,2020-04-14,2020-11-03,474827,474827,203,127909,346918
142,Project 142,2018-03-12,2018-08-29,334652,334652,170,156209,178443
143,Project 143,2019-09-02,2020-08-28,320573,320573,361,101275,219298
144,Project 144,2020-06-09,2021-05-13,196909,196909,338,89021,107888
145,Project 145,2018-03-12,2018-06-24,400636,400636,104,207279,193357
146,Project 146,2018-03-11,2019-01-25,148029,148029,320,88171,59858
147,Project 147,2019-03-25,2019-05-21,60268,60268,57,33256,27012
148,Project 148,2019-10-20,2020-02-27,260593,260593,130,148695,111898
149,Project 149,2018-12-30,2019-06-24,104776,104776,176,28595,76181
150,Project 150,2022-11-07,2023-07-14,57894,57894,249,27023,30871
151,Project 151,2022-08-24,2023-08-17,436015,436015,358,171339,264676
152,Project 152,2021-02-27,2021-05-10,97954,97954,72,35915,62039
153,Project 153,2020-02-08,2020-04-04,166335,166335,56,62763,103572
154,Project 154,2018-08-14,2019-03-28,468099,468099,226,114443,353656
155,Project 155,2018-12-08,2019-05-20,438815,438815,163,189485,249330
156,Project 156,2020-04-25,2020-10-02,224913,224913,160,54279,170634
157,Project 157,2020-07-06,2021-05-10,56075,56075,308,15576,40499
158,Project 158,2019-10-08,2020-09-10,207802,207802,338,92743,115059
159,Project 159,2021-11-22,2022-08-07,384905,384905,258,96340,288565
160,Project 160,2022-09-14,2022-11-21,438284,438284,68,204275,234009
161,Project 161,2021-03-11,2021-06-29,413552,413552,110,210695,202857
162,Project 162,2021-05-02,2021-11-11,349430,349430,193,118813,230617
163,Project 163,2019-04-22,2020-01-07,400287,400287,260,233634,166653
164,Project 164,2020-03-15,2020-06-11,483217,483217,88,190345,292872
165,Project 165,2020-03-14,2021-03-04,427604,427604,355,182515,245089
166,Project 166,2019-11-06,2019-12-13,254999,254999,37,95614,159385
167,Project 167,2018-08-02,2019-05-08,250670,250670,279,118705,131965
168,Project 168,2019-03-11,2019-06-15,102333,102333,96,32341,69992
169,Project 169,2018-06-19,2019-03-15,403449,403449,269,166939,236510
170,Project 170,2019-12-25,2020-11-18,238516,238516,329,63342,175174
171,Project 171,2019-09-04,2020-06-18,198818,198818,288,55721,143097
172,Project 172,2021-11-05,2021-12-29,485734,485734,54,107929,377805
173,Project 173,2020-08-31,2021-06-11,494642,494642,284,196250,298392
174,Project 174,2020-02-24,2021-01-15,91635,91635,326,51646,39989
175,Project 175,2018-02-05,2018-10-08,226708,226708,245,132578,94130
176,Project 176,2018-11-20,2019-09-28,231063,231063,312,136899,94164
177,Project 177,2021-08-23,2021-10-19,102929,102929,57,47887,55042
178,Project 178,2021-09-06,2022-05-10,291716,291716,246,126822,164894
179,Project 179,2022-01-06,2022-10-21,234958,234958,288,120727,114231
180,Project 180,2019-06-12,2019-09-26,445273,445273,106,111888,333385
181,Project 181,2022-06-05,2022-08-29,80416,80416,85,46631,33785
182,Project 182,2018-04-28,2019-01-14,52278,52278,261,10517,41761
183,Project 183,2021-03-15,2021-09-02,229584,229584,171,109535,120049
184,Project 184,2018-06-29,2019-04-01,423060,423060,276,170307,252753
185,Project 185,2019-11-03,2020-08-08,249516,249516,279,134842,114674
186,Project 186,2021-02-21,2021-12-25,150095,150095,307,76383,73712
187,Project 187,2021-09-05,2021-10-31,402049,402049,56,212260,189789
188,Project 188,2019-11-30,2020-10-29,210403,210403,334,87565,122838
189,Project 189,2018-12-10,2019-04-10,498461,498461,121,242318,256143
190,Project 190,2021-09-17,2021-11-06,252827,252827,50,96575,156252
191,Project 191,2021-05-12,2022-01-04,464566,464566,237,243015,221551
192,Project 192,2018-07-17,2018-11-12,451743,451743,118,259010,192733
193,Project 193,2022-12-12,2023-05-13,75121,75121,152,41692,33429
194,Project 194,2021-05-06,2021-07-20,373761,373761,75,169964,203797
195,Project 195,2021-06-11,2021-07-31,344903,344903,50,185881,159022
196,Project 196,2022-03-23,2023-02-02,207819,207819,316,49495,158324
197,Project 197,2018-07-16,2019-02-27,344276,344276,226,187671,156605
198,Project 198,2020-02-09,2020-06-04,86570,86570,116,34396,52174
199,Project 199,2021-03-19,2021-12-10,164382,164382,266,65603,98779
200,Project 200,2021-07-09,2022-01-16,450187,450187,191,136970,313217
201,Project 201,2020-04-15,2021-03-13,162055,162055,332,91364,70691
202,Project 202,2022-11-20,2023-08-29,387523,387523,282,156755,230768
203,Project 203,2021-10-28,2022-02-20,248059,248059,115,87401,160658
204,Project 204,2018-09-11,2019-08-09,494617,494617,332,149377,345240
205,Project 205,2018-01-08,2018-11-27,403240,403240,323,128295,274945
206,Project 206,2022-04-23,2022-05-27,467851,467851,34,251891,215960
207,Project 207,2018-08-15,2018-11-14,59379,59379,91,28853,30526
208,Project 208,2021-08-18,2022-05-20,361082,361082,275,169983,191099
209,Project 209,2021-03-27,2021-12-15,427922,427922,263,245250,182672
210,Project 210,2021-05-28,2022-05-17,315043,315043,354,173196,141847
211,Project 211,2018-11-07,2019-07-12,339787,339787,247,148834,190953
212,Project 212,2021-10-17,2022-02-24,320726,320726,130,131907,188819
213,Project 213,2021-01-22,2021-12-24,70853,70853,336,20796,50057
214,Project 214,2018-12-25,2019-07-13,432050,432050,200,257252,174798
215,Project 215,2022-03-19,2022-12-20,462878,462878,276,256286,206592
216,Project 216,2021-01-08,2021-07-16,227869,227869,189,117186,110683
217,Project 217,2022-11-27,2023-08-16,131001,131001,262,62188,68813
218,Project 218,2021-04-20,2021-11-18,287511,287511,212,157695,129816
219,Project 219,2021-11-16,2022-08-21,162826,162826,278,66151,96675
220,Project 220,2020-12-20,2021-07-06,289957,289957,198,107112,182845
221,Project 221,2018-10-26,2019-05-21,173067,173067,207,100840,72227
222,Project 222,2021-05-28,2021-08-31,110956,110956,95,65501,45455
223,Project 223,2020-03-06,2020-07-15,216200,216200,131,101985,114215
224,Project 224,2022-06-23,2023-01-04,310394,310394,195,85552,224842
225,Project 225,2021-07-04,2022-06-14,187820,187820,345,91502,96318
226,Project 226,2019-10-05,2020-02-24,185408,185408,142,55175,130233
227,Project 227,2022-09-11,2022-12-11,392348,392348,91,111846,280502
228,Project 228,2019-09-03,2020-04-28,488771,488771,238,103138,385633
229,Project 229,2021-01-27,2021-03-22,173981,173981,54,49561,124420
230,Project 230,2020-06-16,2021-06-06,397886,397886,355,161731,236155
231,Project 231,2021-07-03,2022-03-12,265601,265601,252,143577,122024
232,Project 232,2019-05-10,2019-11-18,190553,190553,192,97256,93297
233,Project 233,2020-09-20,2021-05-13,235245,235245,235,53475,181770
234,Project 234,2021-05-03,2022-04-04,480177,480177,336,199027,281150
235,Project 235,2019-07-27,2019-09-15,354911,354911,50,127432,227479
236,Project 236,2019-06-02,2019-07-31,421680,421680,59,241293,180387
237,Project 237,2021-03-27,2022-01-16,371125,371125,295,174809,196316
238,Project 238,2020-11-17,2021-05-14,265932,265932,178,78563,187369
239,Project 239,2020-05-11,2020-06-10,193816,193816,30,94155,99661
240,Project 240,2020-04-07,2020-05-09,497769,497769,32,207781,289988
241,Project 241,2018-08-08,2019-02-18,190390,190390,194,81182,109208
242,Project 242,2020-09-25,2021-03-03,236702,236702,159,124552,112150
243,Project 243,2019-05-03,2019-06-20,362902,362902,48,176237,186665
244,Project 244,2020-09-04,2021-06-19,463325,463325,288,206190,257135
245,Project 245,2020-06-16,2020-09-04,133644,133644,80,56859,76785
246,Project 246,2020-12-03,2021-01-06,229987,229987,34,54433,175554
247,Project 247,2021-04-11,2022-04-10,251017,251017,364,138948,112069
248,Project 248,2019-08-24,2019-11-24,194060,194060,92,49595,144465
249,Project 249,2020-07-24,2021-02-18,155576,155576,209,59137,96439
250,Project 250,2022-12-13,2023-10-21,187069,187069,312,66099,120970
251,Project 251,2022-08-19,2023-03-14,253478,253478,207,150903,102575
252,Project 252,2020-02-04,2020-07-20,334526,334526,167,78858,255668
253,Project 253,2021-12-30,2022-09-07,209592,209592,251,45974,163618
254,Project 254,2022-10-22,2023-05-01,203890,203890,191,50909,152981
255,Project 255,2019-11-29,2020-08-22,78419,78419,267,19925,58494
256,Project 256,2018-09-10,2018-11-24,249708,249708,75,64879,184829
257,Project 257,2020-07-22,2021-02-13,359093,359093,206,137774,221319
258,Project 258,2022-12-20,2023-09-07,342153,342153,261,204025,138128
259,Project 259,2022-05-29,2022-09-09,295342,295342,103,144541,150801
260,Project 260,2020-07-11,2021-04-30,446151,446151,293,144587,301564
261,Project 261,2018-12-31,2019-03-13,196372,196372,72,100160,96212
262,Project 262,2021-03-16,2021-10-05,127923,127923,203,30529,97394
263,Project 263,2018-06-03,2018-08-23,69176,69176,81,40943,28233
264,Project 264,2021-09-30,2022-02-04,263219,263219,127,67854,195365
265,Project 265,2021-01-21,2021-03-13,409868,409868,51,141015,268853
266,Project 266,2019-02-15,2020-01-09,136103,136103,328,59757,76346
267,Project 267,2021-04-05,2021-08-01,495228,495228,118,143658,351570
268,Project 268,2018-08-30,2019-02-21,141177,141177,175,32309,108868
269,Project 269,2018-12-20,2019-04-20,168405,168405,121,73257,95148
270,Project 270,2019-10-19,2020-04-22,61324,61324,186,32400,28924
271,Project 271,2021-09-04,2022-04-05,358717,358717,213,123844,234873
272,Project 272,2022-05-26,2023-02-02,113659,113659,252,29432,84227
273,Project 273,2018-03-21,2018-09-27,408792,408792,190,207944,200848
274,Project 274,2020-03-27,2020-07-18,466823,466823,113,228446,238377
275,Project 275,2018-10-25,2019-05-07,346326,346326,194,90734,255592
276,Project 276,2020-01-03,2020-09-09,339510,339510,250,147615,191895
277,Project 277,2021-04-21,2021-10-19,234608,234608,181,125033,109575
278,Project 278,2018-10-01,2019-03-04,278112,278112,154,116392,161720
279,Project 279,2019-02-14,2019-04-14,282524,282524,59,101256,181268
280,Project 280,2019-02-15,2019-04-05,428183,428183,49,153162,275021
281,Project 281,2020-07-23,2021-04-05,379128,379128,256,97025,282103
282,Project 282,2022-10-26,2023-05-14,190564,190564,200,45535,145029
283,Project 283,2022-03-04,2022-12-04,172615,172615,275,82961,89654
284,Project 284,2018-08-09,2019-06-17,205392,205392,312,49275,156117
285,Project 285,2022-11-29,2023-10-09,112454,112454,314,60484,51970
286,Project 286,2020-07-10,2021-02-18,68050,68050,223,24987,43063
287,Project 287,2021-06-10,2021-08-22,311475,311475,73,148705,162770
288,Project 288,2018-04-10,2018-10-31,330817,330817,204,90580,240237
289,Project 289,2019-09-26,2019-11-03,95761,95761,38,40017,55744
290,Project 290,2021-03-09,2021-07-13,454330,454330,126,235244,219086
291,Project 291,2020-10-30,2021-06-25,443515,443515,238,167330,276185
292,Project 292,2022-05-29,2022-11-15,97627,97627,170,37141,60486
293,Project 293,2021-03-06,2021-08-16,156401,156401,163,56815,99586
294,Project 294,2022-04-07,2022-06-21,98822,98822,75,45306,53516
295,Project 295,2018-06-12,2019-04-16,262571,262571,308,52736,209835
296,Project 296,2022-05-23,2022-06-25,461670,461670,33,102961,358709
297,Project 297,2020-11-10,2020-12-29,330235,330235,49,125850,204385
298,Project 298,2020-04-26,2020-06-03,456796,456796,38,123571,333225
299,Project 299,2020-09-11,2020-12-22,319828,319828,102,91737,228091
300,Project 300,2019-01-18,2019-05-01,318941,318941,103,109800,209141
301,Project 301,2018-05-08,2018-09-20,436073,436073,135,180146,255927
302,Project 302,2019-02-24,2019-06-25,105049,105049,121,55104,49945
303,Project 303,2022-08-29,2023-07-16,254893,254893,321,52366,202527
304,Project 304,2018-12-15,2019-03-29,90005,90005,104,23700,66305
305,Project 305,2022-09-07,2023-02-04,398479,398479,150,184588,213891
306,Project 306,2020-05-23,2020-07-11,344439,344439,49,88690,255749
307,Project 307,2021-10-13,2021-12-31,282404,282404,79,165409,116995
308,Project 308,2022-12-23,2023-09-09,112098,112098,260,35953,76145
309,Project 309,2020-01-21,2020-11-23,88433,88433,307,26777,61656
310,Project 310,2020-08-30,2021-04-16,126493,126493,229,61653,64840
311,Project 311,2022-02-09,2023-01-20,241536,241536,345,114892,126644
312,Project 312,2018-04-22,2019-04-12,389454,389454,355,202503,186951
313,Project 313,2018-04-10,2018-09-29,411598,411598,172,166311,245287
314,Project 314,2020-09-05,2021-05-12,146759,146759,249,33979,112780
315,Project 315,2021-06-21,2022-03-27,172033,172033,279,83672,88361
316,Project 316,2019-02-14,2019-07-16,414282,414282,152,155606,258676
317,Project 317,2020-08-13,2021-01-20,425115,425115,160,222385,202730
318,Project 318,2018-01-22,2018-04-05,235503,235503,73,121768,113735
319,Project 319,2022-11-23,2022-12-30,256890,256890,37,144305,112585
320,Project 320,2020-09-16,2020-11-20,161668,161668,65,64818,96850
321,Project 321,2021-12-16,2022-09-03,253231,253231,261,99484,153747
322,Project 322,2021-07-21,2022-03-01,484180,484180,223,129976,354204
323,Project 323,2021-04-25,2021-11-23,236663,236663,212,119282,117381
324,Project 324,2020-09-06,2021-05-29,420170,420170,265,116990,303180
325,Project 325,2018-12-14,2019-07-12,411962,411962,210,219427,192535
326,Project 326,2020-04-05,2020-10-25,156749,156749,203,33615,123134
327,Project 327,2019-06-12,2020-04-23,231597,231597,316,108105,123492
328,Project 328,2020-05-14,2020-12-06,457540,457540,206,186684,270856
329,Project 329,2022-08-06,2022-09-30,102001,102001,55,24156,77845
330,Project 330,2020-03-13,2020-10-06,438532,438532,207,165483,273049
331,Project 331,2021-03-08,2022-02-18,274645,274645,347,154439,120206
332,Project 332,2022-08-31,2022-09-30,123058,123058,30,28544,94514
333,Project 333,2022-12-03,2023-08-01,170333,170333,241,88791,81542
334,Project 334,2020-08-13,2021-04-22,399884,399884,252,152561,247323
335,Project 335,2022-12-27,2023-10-13,121960,121960,290,52277,69683
336,Project 336,2020-09-10,2021-08-20,103020,103020,344,30422,72598
337,Project 337,2018-02-21,2018-03-23,307702,307702,30,152249,155453
338,Project 338,2020-06-10,2021-04-11,209499,209499,305,120939,88560
339,Project 339,2020-04-05,2020-07-29,94758,94758,115,30956,63802
340,Project 340,2021-09-16,2022-05-17,74683,74683,243,42123,32560
341,Project 341,2019-12-22,2020-07-30,198127,198127,221,88516,109611
342,Project 342,2022-02-03,2022-06-27,241801,241801,144,84201,157600
343,Project 343,2018-06-25,2018-08-13,113436,113436,49,51277,62159
344,Project 344,2018-04-28,2018-12-10,163964,163964,226,67645,96319
345,Project 345,2018-09-24,2018-11-10,489999,489999,47,237453,252546
346,Project 346,2019-02-13,2019-05-22,245071,245071,98,113197,131874
347,Project 347,2020-11-26,2021-03-08,214848,214848,102,92913,121935
348,Project 348,2019-08-24,2019-12-20,316856,316856,118,131955,184901
349,Project 349,2021-05-17,2022-04-12,462031,462031,330,195325,266706
350,Project 350,2018-12-09,2019-05-02,305013,305013,144,126330,178683
351,Project 351,2018-11-05,2019-09-23,52489,52489,322,15600,36889
352,Project 352,2018-09-23,2019-08-05,457220,457220,316,147808,309412
353,Project 353,2022-01-13,2022-11-15,59088,59088,306,24858,34230
354,Project 354,2019-10-10,2020-09-10,402859,402859,336,141766,261093
355,Project 355,2020-07-21,2020-11-19,453162,453162,121,132226,320936
356,Project 356,2018-10-31,2019-06-20,413364,413364,232,210752,202612
357,Project 357,2018-12-17,2019-07-27,452783,452783,222,198390,254393
358,Project 358,2019-03-02,2019-04-08,208047,208047,37,101757,106290
359,Project 359,2018-12-09,2019-06-17,63391,63391,190,35237,28154
360,Project 360,2020-12-05,2021-10-09,385598,385598,308,147170,238428
361,Project 361,2019-03-02,2019-05-04,451207,451207,63,267320,183887
362,Project 362,2020-03-14,2020-08-12,291340,291340,151,78552,212788
363,Project 363,2022-07-20,2022-10-25,360079,360079,97,130893,229186
364,Project 364,2018-11-09,2019-04-29,208835,208835,171,123315,85520
365,Project 365,2021-04-12,2022-02-14,136375,136375,308,74944,61431
366,Project 366,2018-12-16,2019-11-09,486735,486735,328,120488,366247
367,Project 367,2018-11-08,2018-12-29,435390,435390,51,219313,216077
368,Project 368,2021-10-26,2022-04-04,303480,303480,160,93143,210337
369,Project 369,2019-06-11,2020-04-29,68414,68414,323,33698,34716
370,Project 370,2022-06-16,2023-05-18,471621,471621,336,253398,218223
371,Project 371,2021-03-27,2021-11-03,386116,386116,221,217944,168172
372,Project 372,2020-03-19,2020-07-27,426754,426754,130,98094,328660
373,Project 373,2020-12-04,2021-08-13,245080,245080,252,144997,100083
374,Project 374,2022-10-22,2023-05-26,361275,361275,216,182140,179135
375,Project 375,2021-03-06,2021-08-24,305728,305728,171,120838,184890
376,Project 376,2019-09-24,2020-07-08,344852,344852,288,158304,186548
377,Project 377,2022-03-13,2022-09-17,384636,384636,188,204676,179960
378,Project 378,2022-12-05,2023-10-21,333725,333725,320,178701,155024
379,Project 379,2022-11-21,2023-07-23,314553,314553,244,76521,238032
380,Project 380,2021-04-22,2021-06-12,457837,457837,51,241914,215923
381,Project 381,2019-08-13,2020-07-04,464717,464717,326,95139,369578
382,Project 382,2021-02-18,2021-09-15,233156,233156,209,101391,131765
383,Project 383,2018-10-27,2019-01-08,490971,490971,73,233186,257785
384,Project 384,2021-11-26,2022-02-26,470432,470432,92,160608,309824
385,Project 385,2021-03-08,2021-10-02,205164,205164,208,79628,125536
386,Project 386,2022-04-01,2023-03-21,350561,350561,354,201923,148638
387,Project 387,2022-10-11,2023-01-21,452255,452255,102,94992,357263
388,Project 388,2021-06-17,2022-03-27,281529,281529,283,134856,146673
389,Project 389,2019-11-15,2020-10-03,156940,156940,323,66683,90257
390,Project 390,2018-03-26,2019-02-09,264761,264761,320,58814,205947
391,Project 391,2022-01-25,2023-01-06,460145,460145,346,120828,339317
392,Project 392,2020-05-26,2021-03-30,144512,144512,308,68522,75990
393,Project 393,2022-05-06,2023-01-17,217421,217421,256,66290,151131
394,Project 394,2020-03-12,2020-06-21,309662,309662,101,168378,141284
395,Project 395,2021-09-02,2022-01-26,340141,340141,146,192598,147543
396,Project 396,2018-05-30,2019-03-24,315989,315989,298,100349,215640
397,Project 397,2019-09-03,2020-01-17,445707,445707,136,231660,214047
398,Project 398,2018-06-14,2018-10-06,291525,291525,114,148497,143028
399,Project 399,2018-06-02,2019-05-28,329280,329280,360,184095,145185
400,Project 400,2022-12-20,2023-06-16,489613,489613,178,116665,372948
401,Project 401,2019-04-24,2020-04-17,202596,202596,359,80964,121632
402,Project 402,2019-03-07,2019-07-17,220465,220465,132,70441,150024
403,Project 403,2022-10-13,2023-06-27,67632,67632,257,32555,35077
404,Project 404,2018-04-29,2018-07-22,153401,153401,84,88396,65005
405,Project 405,2021-10-14,2022-07-19,236115,236115,278,84551,151564
406,Project 406,2021-04-04,2021-12-07,306252,306252,247,93005,213247
407,Project 407,2018-10-23,2019-10-15,194831,194831,357,116275,78556
408,Project 408,2020-05-07,2021-02-27,108568,108568,296,56929,51639
409,Project 409,2020-05-10,2021-02-13,236526,236526,279,128480,108046
410,Project 410,2021-01-08,2021-02-13,131636,131636,36,63157,68479
411,Project 411,2020-04-10,2020-12-20,298047,298047,254,169876,128171
412,Project 412,2022-12-11,2023-07-11,261717,261717,212,106264,155453
413,Project 413,2019-08-07,2020-06-30,73845,73845,328,41426,32419
414,Project 414,2018-12-10,2019-11-15,397981,397981,340,92599,305382
415,Project 415,2018-04-03,2018-10-22,267757,267757,202,145259,122498
416,Project 416,2018-04-28,2018-06-05,187543,187543,38,48703,138840
417,Project 417,2019-08-29,2020-01-31,408204,408204,155,124771,283433
418,Project 418,2019-04-21,2019-06-25,356401,356401,65,90281,266120
419,Project 419,2019-11-16,2020-05-01,99358,99358,167,30480,68878
420,Project 420,2019-04-23,2019-07-06,118423,118423,74,25978,92445
421,Project 421,2021-11-21,2022-11-15,487471,487471,359,236977,250494
422,Project 422,2020-12-12,2021-04-02,323264,323264,111,152423,170841
423,Project 423,2022-02-23,2022-12-27,174017,174017,307,51285,122732
424,Project 424,2018-06-05,2019-04-08,342376,342376,307,200391,141985
425,Project 425,2021-08-22,2021-10-29,459479,459479,68,205251,254228
426,Project 426,2018-08-03,2019-03-02,97794,97794,211,40570,57224
427,Project 427,2022-05-29,2022-10-14,407554,407554,138,83666,323888
428,Project 428,2018-08-30,2019-07-03,475120,475120,307,193238,281882
429,Project 429,2021-06-27,2022-06-21,432846,432846,359,168024,264822
430,Project 430,2018-12-07,2019-03-03,333616,333616,86,187217,146399
431,Project 431,2020-09-18,2021-01-03,193141,193141,107,68464,124677
432,Project 432,2021-05-30,2021-08-12,452885,452885,74,122885,330000
433,Project 433,2022-11-18,2023-07-02,467010,467010,226,270315,196695
434,Project 434,2022-03-31,2022-06-02,334518,334518,63,177446,157072
435,Project 435,2019-06-11,2019-08-30,376843,376843,80,127129,249714
436,Project 436,2018-01-04,2018-07-03,300801,300801,180,95818,204983
437,Project 437,2018-12-22,2019-10-11,485303,485303,293,145568,339735
438,Project 438,2021-05-16,2021-11-12,302868,302868,180,127229,175639
439,Project 439,2021-08-22,2022-03-22,295617,295617,212,168888,126729
440,Project 440,2020-03-29,2021-01-19,471679,471679,296,250528,221151
441,Project 441,2022-12-29,2023-05-16,103384,103384,138,41959,61425
442,Project 442,2019-10-06,2020-07-12,53938,53938,280,20601,33337
443,Project 443,2021-04-06,2021-05-24,128365,128365,48,63392,64973
444,Project 444,2018-11-30,2019-05-27,267456,267456,178,124470,142986
445,Project 445,2018-10-04,2019-01-02,182156,182156,90,87586,94570
446,Project 446,2022-05-10,2023-02-23,492391,492391,289,238936,253455
447,Project 447,2019-10-06,2020-10-02,344631,344631,362,138635,205996
448,Project 448,2020-01-21,2020-05-30,151813,151813,130,58790,93023
449,Project 449,2022-12-06,2023-02-15,58213,58213,71,16796,41417
450,Project 450,2019-03-26,2020-02-09,71154,71154,320,25735,45419
451,Project 451,2018-05-20,2018-09-19,121813,121813,122,40355,81458
452,Project 452,2019-09-04,2019-10-09,211461,211461,35,65567,145894
453,Project 453,2021-10-27,2022-09-17,429760,429760,325,128972,300788
454,Project 454,2022-11-22,2023-05-08,146029,146029,167,70776,75253
455,Project 455,2021-04-04,2021-05-24,279237,279237,50,83480,195757
456,Project 456,2020-08-28,2021-03-27,183137,183137,211,109231,73906
457,Project 457,2019-03-22,2019-06-15,189163,189163,85,42228,146935
458,Project 458,2020-11-04,2021-08-20,499266,499266,289,194747,304519
459,Project 459,2019-08-18,2019-11-08,470941,470941,82,169150,301791
460,Project 460,2020-10-24,2021-04-24,245027,245027,182,101165,143862
461,Project 461,2019-07-05,2019-09-16,445143,445143,73,165564,279579
462,Project 462,2021-03-07,2021-10-03,60942,60942,210,22684,38258
463,Project 463,2019-01-14,2019-06-16,86748,86748,153,23987,62761
464,Project 464,2021-08-26,2021-12-25,425137,425137,121,108932,316205
465,Project 465,2018-08-14,2019-04-29,175315,175315,258,80491,94824
466,Project 466,2022-11-25,2023-08-30,87420,87420,278,19177,68243
467,Project 467,2020-02-12,2020-09-05,343764,343764,206,73377,270387
468,Project 468,2020-07-31,2020-11-26,380502,380502,118,171057,209445
469,Project 469,2020-04-19,2021-01-13,445991,445991,269,184646,261345
470,Project 470,2021-04-01,2021-08-19,476073,476073,140,269289,206784
471,Project 471,2022-05-30,2022-11-25,432449,432449,179,134878,297571
472,Project 472,2020-09-21,2020-11-06,365928,365928,46,123873,242055
473,Project 473,2020-05-09,2020-12-21,493084,493084,226,272688,220396
474,Project 474,2019-06-04,2020-03-18,51158,51158,288,14552,36606
475,Project 475,2020-10-09,2021-01-08,328671,328671,91,113404,215267
476,Project 476,2018-11-29,2019-05-03,358568,358568,155,78469,280099
477,Project 477,2021-05-16,2021-10-10,487269,487269,147,233694,253575
478,Project 478,2020-03-19,2020-06-11,335918,335918,84,172733,163185
479,Project 479,2018-12-31,2019-10-08,358488,358488,281,149362,209126
480,Project 480,2022-02-21,2022-07-30,74556,74556,159,34193,40363
481,Project 481,2018-09-28,2019-08-18,166356,166356,324,86053,80303
482,Project 482,2022-08-09,2023-06-08,86930,86930,303,25996,60934
483,Project 483,2019-12-11,2020-08-26,315370,315370,259,182586,132784
484,Project 484,2018-07-07,2018-11-01,441156,441156,117,100202,340954
485,Project 485,2020-01-30,2020-10-03,443926,443926,247,106791,337135
486,Project 486,2018-09-21,2018-11-30,174569,174569,70,79970,94599
487,Project 487,2019-06-13,2020-02-11,220853,220853,243,52410,168443
488,Project 488,2022-01-16,2022-12-12,107192,107192,330,45237,61955
489,Project 489,2020-11-15,2021-09-08,204843,204843,297,60188,144655
490,Project 490,2018-10-11,2019-05-27,364936,364936,228,96449,268487
491,Project 491,2021-05-26,2021-12-03,293446,293446,191,81628,211818
492,Project 492,2022-11-24,2023-05-26,281365,281365,183,56560,224805
493,Project 493,2019-01-09,2019-07-23,66970,66970,195,36092,30878
494,Project 494,2019-01-25,2019-10-10,383917,383917,258,92963,290954
495,Project 495,2018-12-01,2019-05-14,92806,92806,164,33837,58969
496,Project 496,2018-03-09,2018-07-25,481462,481462,138,170573,310889
497,Project 497,2020-11-02,2021-02-26,378049,378049,116,211182,166867
498,Project 498,2022-07-12,2023-06-26,237164,237164,349,114101,123063
499,Project 499,2021-07-12,2022-02-25,190161,190161,228,59381,130780
500,Project 500,2022-04-12,2022-11-24,338389,338389,226,159928,178461
501,Project 501,2019-09-19,2020-02-07,363124,363124,141,191779,171345
502,Project 502,2019-01-15,2019-05-22,367379,367379,127,87236,280143
503,Project 503,2021-06-02,2022-03-01,274873,274873,272,79242,195631
504,Project 504,2018-10-11,2019-09-06,439406,439406,330,102667,336739
505,Project 505,2019-06-14,2019-09-15,398825,398825,93,230508,168317
506,Project 506,2020-02-10,2020-06-08,281397,281397,119,134523,146874
507,Project 507,2019-10-23,2020-04-09,229336,229336,169,135133,94203
508,Project 508,2021-02-12,2021-09-07,386407,386407,207,144679,241728
509,Project 509,2021-11-28,2022-04-07,401454,401454,130,158461,242993
510,Project 510,2019-02-20,2019-05-29,271291,271291,98,119809,151482
511,Project 511,2019-07-12,2019-10-18,84165,84165,98,36726,47439
512,Project 512,2018-10-02,2018-11-30,455406,455406,59,160677,294729
513,Project 513,2019-12-31,2020-06-29,277798,277798,181,93315,184483
514,Project 514,2019-03-01,2019-04-14,55949,55949,44,21664,34285
515,Project 515,2021-03-24,2021-09-06,377311,377311,166,187640,189671
516,Project 516,2020-10-06,2020-12-16,231030,231030,71,73971,157059
517,Project 517,2018-07-27,2018-11-20,495647,495647,116,205352,290295
518,Project 518,2019-08-29,2019-10-01,199961,199961,33,87075,112886
519,Project 519,2018-07-15,2018-09-27,280555,280555,74,73761,206794
520,Project 520,2021-02-28,2021-12-12,366441,366441,287,128149,238292
521,Project 521,2020-07-14,2021-05-10,221478,221478,300,106133,115345
522,Project 522,2019-05-06,2019-07-19,418566,418566,74,166764,251802
523,Project 523,2018-12-25,2019-12-18,259216,259216,358,86701,172515
524,Project 524,2020-12-02,2021-01-19,477028,477028,48,116421,360607
525,Project 525,2021-02-28,2021-07-29,128739,128739,151,70195,58544
526,Project 526,2020-08-27,2021-07-31,99133,99133,338,30913,68220
527,Project 527,2019-01-07,2019-04-07,156327,156327,90,55527,100800
528,Project 528,2021-04-29,2021-09-27,327337,327337,151,121007,206330
529,Project 529,2022-03-24,2023-03-13,265904,265904,354,135034,130870
530,Project 530,2021-11-23,2022-05-10,223042,223042,168,92531,130511
531,Project 531,2021-05-04,2022-03-23,204605,204605,323,121165,83440
532,Project 532,2022-10-10,2023-08-28,121864,121864,322,31567,90297
533,Project 533,2022-10-28,2023-10-05,315541,315541,342,128055,187486
534,Project 534,2018-11-02,2019-04-29,497492,497492,178,187479,310013
535,Project 535,2022-04-14,2023-01-07,444683,444683,268,217190,227493
536,Project 536,2021-09-22,2022-03-11,410599,410599,170,207899,202700
537,Project 537,2022-10-19,2023-07-01,122214,122214,255,68942,53272
538,Project 538,2022-05-06,2023-04-12,352312,352312,341,196186,156126
539,Project 539,2019-07-31,2020-02-18,378090,378090,202,171424,206666
540,Project 540,2021-08-27,2022-07-06,486574,486574,313,115546,371028
541,Project 541,2022-11-25,2023-10-23,370347,370347,332,144272,226075
542,Project 542,2018-07-09,2019-06-20,110293,110293,346,51981,58312
543,Project 543,2021-09-21,2022-06-27,222978,222978,279,112684,110294
544,Project 544,2019-04-26,2019-06-29,213855,213855,64,70912,142943
545,Project 545,2018-12-01,2019-01-09,176800,176800,39,35480,141320
546,Project 546,2021-05-12,2021-08-02,202557,202557,82,101555,101002
547,Project 547,2018-04-10,2019-03-31,354988,354988,355,209225,145763
548,Project 548,2020-07-16,2020-10-06,248745,248745,82,85057,163688
549,Project 549,2018-09-19,2018-12-10,464841,464841,82,145961,318880
550,Project 550,2022-10-21,2023-01-06,258079,258079,77,134088,123991
551,Project 551,2022-08-22,2022-11-04,406934,406934,74,238833,168101
552,Project 552,2022-03-27,2022-08-30,187508,187508,156,90253,97255
553,Project 553,2020-02-27,2020-05-06,426603,426603,69,251610,174993
554,Project 554,2021-09-04,2022-06-27,473601,473601,296,203539,270062
555,Project 555,2022-04-26,2022-09-11,145731,145731,138,66256,79475
556,Project 556,2021-02-11,2021-10-17,139707,139707,248,52187,87520
557,Project 557,2019-11-11,2020-05-18,234665,234665,189,102750,131915
558,Project 558,2020-06-04,2020-12-20,497947,497947,199,108355,389592
559,Project 559,2021-03-27,2022-02-24,225580,225580,334,98015,127565
560,Project 560,2021-11-21,2022-01-26,277037,277037,66,117020,160017
561,Project 561,2020-04-23,2021-03-17,475489,475489,328,136951,338538
562,Project 562,2020-06-06,2020-12-25,284761,284761,202,154352,130409
563,Project 563,2018-07-12,2019-01-08,267449,267449,180,150498,116951
564,Project 564,2022-02-04,2022-06-29,118134,118134,145,56960,61174
565,Project 565,2020-01-30,2020-10-04,114247,114247,248,48773,65474
566,Project 566,2019-06-03,2020-04-13,98612,98612,315,28801,69811
567,Project 567,2022-10-15,2023-01-20,492488,492488,97,278182,214306
568,Project 568,2020-02-22,2020-09-17,101389,101389,208,25797,75592
569,Project 569,2019-08-22,2020-01-13,65747,65747,144,24089,41658
570,Project 570,2018-02-08,2019-01-17,76388,76388,343,29975,46413
571,Project 571,2021-11-10,2021-12-15,258929,258929,35,70054,188875
572,Project 572,2019-01-16,2019-11-28,125926,125926,316,26635,99291
573,Project 573,2019-10-16,2019-12-23,274781,274781,68,129085,145696
574,Project 574,2022-09-24,2023-05-06,412571,412571,224,192947,219624
575,Project 575,2020-07-05,2020-09-02,389380,389380,59,216522,172858
576,Project 576,2021-05-04,2021-09-23,262668,262668,142,135850,126818
577,Project 577,2022-07-04,2023-01-11,424098,424098,191,249765,174333
578,Project 578,2019-07-03,2020-05-17,275090,275090,319,121346,153744
579,Project 579,2021-06-28,2022-04-25,113358,113358,301,32367,80991
580,Project 580,2020-10-19,2020-12-09,353793,353793,51,183030,170763
581,Project 581,2021-01-13,2021-04-04,284590,284590,81,127339,157251
582,Project 582,2021-06-16,2021-07-19,146393,146393,33,31274,115119
583,Project 583,2018-10-13,2019-01-24,343479,343479,103,111685,231794
584,Project 584,2020-03-11,2020-06-16,396818,396818,97,141226,255592
585,Project 585,2022-05-24,2022-10-17,216506,216506,146,52665,163841
586,Project 586,2019-05-16,2019-08-14,408301,408301,90,208717,199584
587,Project 587,2021-08-02,2021-10-28,417174,417174,87,194257,222917
588,Project 588,2018-09-20,2019-04-20,463485,463485,212,154389,309096
589,Project 589,2019-04-18,2019-10-27,172946,172946,192,46705,126241
590,Project 590,2021-05-12,2021-11-21,236783,236783,193,50031,186752
591,Project 591,2018-10-16,2019-07-20,222616,222616,277,105232,117384
592,Project 592,2021-07-02,2022-01-08,367376,367376,190,79352,288024
593,Project 593,2018-11-26,2019-05-22,240145,240145,177,108748,131397
594,Project 594,2019-08-07,2020-04-04,361130,361130,241,144641,216489
595,Project 595,2020-11-18,2021-08-11,206632,206632,266,105688,100944
596,Project 596,2021-01-23,2021-05-29,376392,376392,126,141691,234701
597,Project 597,2018-11-05,2019-08-08,479231,479231,276,218847,260384
598,Project 598,2019-02-05,2019-05-10,296994,296994,94,76193,220801
599,Project 599,2018-12-20,2019-08-19,180599,180599,242,80672,99927
600,Project 600,2021-07-04,2022-01-05,415048,415048,185,162568,252480
601,Project 601,2019-02-10,2019-11-29,187030,187030,292,92812,94218
602,Project 602,2019-10-15,2020-04-14,415583,415583,182,180238,235345
603,Project 603,2019-06-16,2019-12-02,148456,148456,169,52699,95757
604,Project 604,2018-10-09,2019-07-26,114624,114624,290,39772,74852
605,Project 605,2018-03-27,2018-09-06,176206,176206,163,63571,112635
606,Project 606,2018-03-05,2019-03-04,334244,334244,364,181678,152566
607,Project 607,2022-01-27,2022-06-10,213476,213476,134,55260,158216
608,Project 608,2018-04-13,2019-02-25,322903,322903,318,73440,249463
609,Project 609,2020-01-31,2020-06-18,283511,283511,139,136003,147508
610,Project 610,2018-05-05,2019-03-03,132556,132556,302,72298,60258
611,Project 611,2020-01-15,2020-05-24,343324,343324,130,95259,248065
612,Project 612,2018-12-08,2019-04-17,360968,360968,130,200808,160160
613,Project 613,2022-05-04,2022-11-30,80266,80266,210,18041,62225
614,Project 614,2020-04-28,2021-02-17,382199,382199,295,206453,175746
615,Project 615,2019-10-21,2020-02-25,206267,206267,127,41366,164901
616,Project 616,2022-08-23,2023-05-07,329793,329793,257,165252,164541
617,Project 617,2021-04-02,2021-07-27,423709,423709,116,86277,337432
618,Project 618,2022-09-17,2023-05-17,224939,224939,242,50225,174714
619,Project 619,2022-10-14,2023-05-22,215503,215503,220,103431,112072
620,Project 620,2018-04-07,2019-02-08,420679,420679,307,176445,244234
621,Project 621,2018-09-23,2019-03-04,145318,145318,162,55799,89519
622,Project 622,2022-03-13,2022-12-29,474598,474598,291,95229,379369
623,Project 623,2019-08-29,2020-05-24,231794,231794,269,53375,178419
624,Project 624,2018-01-19,2018-03-04,440953,440953,44,198314,242639
625,Project 625,2018-05-12,2018-10-10,334316,334316,151,196881,137435
626,Project 626,2020-11-29,2021-04-26,138469,138469,148,48675,89794
627,Project 627,2020-03-11,2020-12-04,77043,77043,268,44502,32541
628,Project 628,2020-12-23,2021-06-25,143173,143173,184,34071,109102
629,Project 629,2021-09-01,2021-10-18,319253,319253,47,133507,185746
630,Project 630,2019-10-30,2020-03-27,167389,167389,149,61481,105908
631,Project 631,2019-10-24,2020-02-07,176470,176470,106,102157,74313
632,Project 632,2022-08-12,2023-07-06,109316,109316,328,27646,81670
633,Project 633,2021-01-17,2021-05-08,152769,152769,111,86001,66768
634,Project 634,2018-07-14,2019-06-28,105367,105367,349,49533,55834
635,Project 635,2022-05-25,2023-01-07,81653,81653,227,44283,37370
636,Project 636,2021-12-13,2022-03-22,407464,407464,99,202419,205045
637,Project 637,2021-05-14,2021-11-21,466182,466182,191,160639,305543
638,Project 638,2019-08-02,2020-04-12,85359,85359,254,20718,64641
639,Project 639,2021-08-26,2021-12-04,321678,321678,100,186370,135308
640,Project 640,2021-12-22,2022-04-15,397645,397645,114,185717,211928
641,Project 641,2018-07-10,2019-03-27,379644,379644,260,169311,210333
642,Project 642,2021-02-27,2021-08-21,465275,465275,175,224699,240576
643,Project 643,2019-06-04,2019-12-02,135283,135283,181,56097,79186
644,Project 644,2021-11-04,2021-12-15,53969,53969,41,11679,42290
645,Project 645,2022-11-03,2023-01-23,195238,195238,81,76877,118361
646,Project 646,2022-11-26,2023-06-14,138417,138417,200,73818,64599
647,Project 647,2021-01-09,2021-09-01,369458,369458,235,107378,262080
648,Project 648,2019-08-23,2020-04-16,171312,171312,237,81579,89733
649,Project 649,2020-08-12,2021-07-02,453115,453115,324,156488,296627
650,Project 650,2022-11-01,2023-01-12,439619,439619,72,237807,201812
651,Project 651,2021-04-14,2021-09-05,73126,73126,144,28896,44230
652,Project 652,2019-06-20,2019-08-01,330596,330596,42,153364,177232
653,Project 653,2021-06-14,2022-03-13,109929,109929,272,58769,51160
654,Project 654,2021-10-26,2022-02-27,168967,168967,124,65960,103007
655,Project 655,2018-08-02,2019-03-14,428642,428642,224,178421,250221
656,Project 656,2022-07-20,2023-03-15,144037,144037,238,40735,103302
657,Project 657,2020-01-03,2020-11-10,78983,78983,312,27367,51616
658,Project 658,2021-01-23,2021-06-06,337602,337602,134,172794,164808
659,Project 659,2022-11-30,2023-02-14,391838,391838,76,138241,253597
660,Project 660,2020-02-20,2020-10-15,306612,306612,238,82414,224198
661,Project 661,2022-09-24,2023-07-28,61882,61882,307,32980,28902
662,Project 662,2019-05-19,2019-07-08,358190,358190,50,167038,191152
663,Project 663,2018-11-04,2019-08-11,315753,315753,280,178721,137032
664,Project 664,2021-08-23,2021-10-12,168159,168159,50,67126,101033
665,Project 665,2018-09-21,2019-03-23,463665,463665,183,132134,331531
666,Project 666,2022-08-17,2023-02-19,50292,50292,186,18502,31790
667,Project 667,2020-08-13,2021-07-02,149972,149972,323,78225,71747
668,Project 668,2020-05-29,2021-01-04,441724,441724,220,162931,278793
669,Project 669,2021-10-25,2022-04-22,332847,332847,179,100004,232843
670,Project 670,2021-10-19,2022-07-17,75786,75786,271,39105,36681
671,Project 671,2019-09-02,2020-03-30,437867,437867,210,239378,198489
672,Project 672,2020-04-25,2021-04-22,276981,276981,362,100823,176158
673,Project 673,2019-03-07,2020-02-12,294749,294749,342,73952,220797
674,Project 674,2021-06-27,2021-09-01,385072,385072,66,217224,167848
675,Project 675,2021-12-30,2022-08-28,220718,220718,241,123037,97681
676,Project 676,2020-06-17,2021-06-17,240659,240659,365,86915,153744
677,Project 677,2020-06-23,2020-08-26,260511,260511,64,65074,195437
678,Project 678,2021-01-28,2021-12-06,448977,448977,312,230409,218568
679,Project 679,2021-11-13,2022-03-27,339375,339375,134,96786,242589
680,Project 680,2020-07-22,2020-12-11,228815,228815,142,72894,155921
681,Project 681,2022-07-03,2023-02-21,256644,256644,233,63678,192966
682,Project 682,2021-01-07,2021-04-12,70568,70568,95,31328,39240
683,Project 683,2020-11-07,2021-02-22,63705,63705,107,15779,47926
684,Project 684,2019-09-02,2019-11-25,432951,432951,84,175413,257538
685,Project 685,2022-03-12,2022-08-24,352785,352785,165,209655,143130
686,Project 686,2019-10-27,2020-10-19,59917,59917,358,19696,40221
687,Project 687,2022-04-11,2023-03-19,126260,126260,342,48189,78071
688,Project 688,2022-08-19,2023-07-10,66407,66407,325,38160,28247
689,Project 689,2021-03-11,2022-01-29,362978,362978,324,216650,146328
690,Project 690,2018-05-10,2018-09-02,275150,275150,115,122015,153135
691,Project 691,2020-11-24,2021-03-22,89139,89139,118,47716,41423
692,Project 692,2018-11-24,2019-06-18,102837,102837,206,54244,48593
693,Project 693,2018-03-30,2019-03-24,326317,326317,359,149440,176877
694,Project 694,2022-02-25,2022-06-10,72847,72847,105,24943,47904
695,Project 695,2020-08-10,2021-07-25,452446,452446,349,207461,244985
696,Project 696,2021-10-25,2022-03-24,56245,56245,150,18004,38241
697,Project 697,2018-09-23,2019-04-17,415857,415857,206,236140,179717
698,Project 698,2018-12-15,2019-02-12,311065,311065,59,75033,236032
699,Project 699,2021-05-08,2021-07-29,493510,493510,82,200135,293375
700,Project 700,2019-09-23,2020-03-12,108061,108061,171,31081,76980
701,Project 701,2020-06-22,2020-09-18,302953,302953,88,81608,221345
702,Project 702,2020-05-13,2020-09-12,112652,112652,122,39759,72893
703,Project 703,2019-01-03,2019-04-10,171162,171162,97,55633,115529
704,Project 704,2020-04-12,2021-03-14,207155,207155,336,98512,108643
705,Project 705,2020-08-09,2020-12-18,330498,330498,131,146102,184396
706,Project 706,2020-12-02,2021-10-28,140446,140446,330,43478,96968
707,Project 707,2020-04-09,2020-12-29,236757,236757,264,52381,184376
708,Project 708,2019-02-03,2019-12-15,251861,251861,315,70343,181518
709,Project 709,2020-01-15,2020-09-21,443860,443860,250,165983,277877
710,Project 710,2021-10-02,2022-05-14,219652,219652,224,69906,149746
711,Project 711,2018-11-21,2019-01-07,465042,465042,47,127195,337847
712,Project 712,2020-02-17,2021-02-08,279354,279354,357,166763,112591
713,Project 713,2020-03-30,2020-08-24,187946,187946,147,77000,110946
714,Project 714,2022-02-06,2022-04-16,97474,97474,69,20042,77432
715,Project 715,2022-10-29,2023-01-01,471066,471066,64,269307,201759
716,Project 716,2022-01-28,2022-03-29,112071,112071,60,61961,50110
717,Project 717,2020-09-12,2020-12-13,499183,499183,92,219351,279832
718,Project 718,2019-01-11,2019-04-19,76519,76519,98,45821,30698
719,Project 719,2021-06-30,2022-02-21,398842,398842,236,222764,176078
720,Project 720,2018-09-25,2018-12-12,147052,147052,78,54393,92659
721,Project 721,2021-11-03,2022-03-04,312352,312352,121,176899,135453
722,Project 722,2021-06-07,2022-01-17,402349,402349,224,94783,307566
723,Project 723,2021-02-18,2022-01-12,421584,421584,328,116341,305243
724,Project 724,2021-03-12,2021-12-27,349170,349170,290,74646,274524
725,Project 725,2022-08-23,2022-10-25,416090,416090,63,180669,235421
726,Project 726,2020-07-25,2020-11-25,457440,457440,123,163136,294304
727,Project 727,2019-02-06,2019-09-19,354802,354802,225,209186,145616
728,Project 728,2021-10-24,2022-08-11,369674,369674,291,78060,291614
729,Project 729,2021-10-14,2022-06-28,435147,435147,257,117686,317461
730,Project 730,2022-07-21,2023-06-11,209498,209498,325,101609,107889
731,Project 731,2020-03-19,2020-07-09,170963,170963,112,57576,113387
732,Project 732,2020-07-06,2021-02-17,400673,400673,226,193341,207332
733,Project 733,2018-09-29,2019-03-30,446131,446131,182,107249,338882
734,Project 734,2020-04-27,2020-09-16,477880,477880,142,276797,201083
735,Project 735,2022-02-25,2022-12-20,409443,409443,298,104058,305385
736,Project 736,2022-09-25,2023-03-20,421660,421660,176,161763,259897
737,Project 737,2022-04-28,2022-06-12,296519,296519,45,121035,175484
738,Project 738,2019-01-08,2019-08-23,189519,189519,227,72923,116596
739,Project 739,2021-02-28,2021-12-21,477376,477376,296,106646,370730
740,Project 740,2019-04-12,2019-08-09,418179,418179,119,144058,274121
741,Project 741,2020-05-30,2021-05-23,443390,443390,358,198818,244572
742,Project 742,2020-10-06,2021-05-08,157828,157828,214,79598,78230
743,Project 743,2019-11-11,2020-08-27,258414,258414,290,118275,140139
744,Project 744,2021-03-07,2022-01-13,394607,394607,312,214273,180334
745,Project 745,2021-03-22,2022-02-18,289572,289572,333,124615,164957
746,Project 746,2020-04-08,2020-12-30,415217,415217,266,156797,258420
747,Project 747,2018-03-16,2018-12-11,278615,278615,270,148913,129702
748,Project 748,2018-02-04,2018-06-29,449746,449746,145,198955,250791
749,Project 749,2018-12-19,2019-02-24,320868,320868,67,114526,206342
750,Project 750,2019-09-14,2020-01-24,354398,354398,132,88694,265704
751,Project 751,2019-04-25,2019-12-18,110431,110431,237,46384,64047
752,Project 752,2021-11-15,2022-03-14,481550,481550,119,146315,335235
753,Project 753,2021-07-02,2022-03-31,176685,176685,272,54908,121777
754,Project 754,2019-12-01,2020-06-03,358529,358529,185,173867,184662
755,Project 755,2020-05-14,2020-06-21,297564,297564,38,85798,211766
756,Project 756,2020-05-24,2020-06-28,229922,229922,35,81283,148639
757,Project 757,2020-11-04,2021-01-02,471869,471869,59,224302,247567
758,Project 758,2021-10-26,2022-03-04,288340,288340,129,87471,200869
759,Project 759,2021-11-29,2022-10-08,315553,315553,313,145842,169711
760,Project 760,2021-01-02,2021-02-17,399471,399471,46,200594,198877
761,Project 761,2020-12-04,2021-03-21,308425,308425,107,151954,156471
762,Project 762,2020-05-01,2021-03-29,141782,141782,332,67100,74682
763,Project 763,2021-10-26,2022-10-21,290472,290472,360,116045,174427
764,Project 764,2021-11-07,2022-10-26,434176,434176,353,162062,272114
765,Project 765,2022-02-01,2022-05-01,94814,94814,89,50101,44713
766,Project 766,2019-10-04,2020-04-15,121995,121995,194,32043,89952
767,Project 767,2018-04-08,2018-12-02,430774,430774,238,223361,207413
768,Project 768,2022-08-18,2023-02-19,127421,127421,185,27665,99756
769,Project 769,2019-12-14,2020-01-27,324613,324613,44,152430,172183
770,Project 770,2018-09-24,2018-12-11,70491,70491,78,31945,38546
771,Project 771,2021-05-04,2022-01-09,298081,298081,250,115198,182883
772,Project 772,2020-05-25,2020-10-13,268735,268735,141,85178,183557
773,Project 773,2018-10-18,2019-04-13,232645,232645,177,128928,103717
774,Project 774,2018-03-16,2018-06-30,192890,192890,106,54305,138585
775,Project 775,2018-08-28,2018-12-29,62622,62622,123,36408,26214
776,Project 776,2018-06-02,2018-08-16,90663,90663,75,50819,39844
777,Project 777,2022-09-23,2022-11-28,414121,414121,66,240632,173489
778,Project 778,2018-04-25,2019-02-17,75396,75396,298,44569,30827
779,Project 779,2022-06-28,2023-04-22,98164,98164,298,33387,64777
780,Project 780,2018-06-26,2019-03-20,138821,138821,267,53500,85321
781,Project 781,2019-10-08,2020-03-29,243391,243391,173,114851,128540
782,Project 782,2021-07-30,2022-06-22,231701,231701,327,54767,176934
783,Project 783,2020-01-03,2020-10-15,426939,426939,286,241012,185927
784,Project 784,2018-11-30,2019-08-09,219308,219308,252,93730,125578
785,Project 785,2018-02-26,2018-09-23,485113,485113,209,98520,386593
786,Project 786,2021-10-01,2021-12-19,237414,237414,79,122295,115119
787,Project 787,2019-10-24,2020-07-31,440978,440978,281,192120,248858
788,Project 788,2018-07-27,2019-01-21,233199,233199,178,116449,116750
789,Project 789,2020-02-27,2020-12-10,223951,223951,287,130008,93943
790,Project 790,2021-04-03,2021-08-30,499157,499157,149,137051,362106
791,Project 791,2020-08-02,2021-05-11,477137,477137,282,227998,249139
792,Project 792,2019-03-28,2019-09-19,403711,403711,175,228981,174730
793,Project 793,2020-05-20,2020-10-19,424472,424472,152,215871,208601
794,Project 794,2022-03-14,2022-04-17,399016,399016,34,154242,244774
795,Project 795,2018-03-06,2018-04-17,413205,413205,42,128475,284730
796,Project 796,2022-11-05,2023-07-19,250034,250034,256,116178,133856
797,Project 797,2018-10-30,2019-10-07,303283,303283,342,74183,229100
798,Project 798,2020-05-18,2020-08-10,81926,81926,84,39627,42299
799,Project 799,2020-01-27,2020-08-30,236132,236132,216,74284,161848
800,Project 800,2018-02-12,2018-12-29,179747,179747,320,67558,112189
801,Project 801,2020-05-25,2021-01-04,330076,330076,224,197903,132173
802,Project 802,2020-01-16,2020-12-31,454786,454786,350,258593,196193
803,Project 803,2019-02-28,2019-08-04,285919,285919,157,101397,184522
804,Project 804,2018-01-25,2018-11-21,241877,241877,300,136460,105417
805,Project 805,2018-10-16,2019-03-02,225850,225850,137,133879,91971
806,Project 806,2020-03-08,2020-07-11,183963,183963,125,87270,96693
807,Project 807,2021-12-16,2022-09-21,164194,164194,279,32918,131276
808,Project 808,2020-08-23,2021-07-27,368994,368994,338,144729,224265
809,Project 809,2022-11-08,2023-04-30,219082,219082,173,45617,173465
810,Project 810,2020-02-09,2020-08-18,182234,182234,191,101140,81094
811,Project 811,2018-11-21,2019-04-21,68071,68071,151,14843,53228
812,Project 812,2022-08-20,2022-12-07,212108,212108,109,117416,94692
813,Project 813,2019-10-17,2020-04-04,132618,132618,170,53810,78808
814,Project 814,2018-03-10,2018-11-21,364902,364902,256,198302,166600
815,Project 815,2022-04-09,2022-09-28,282429,282429,172,100344,182085
816,Project 816,2018-12-17,2019-11-12,395929,395929,330,162419,233510
817,Project 817,2020-04-23,2020-08-06,163975,163975,105,62061,101914
818,Project 818,2018-10-16,2018-12-02,176827,176827,47,79073,97754
819,Project 819,2021-09-16,2022-05-08,57907,57907,234,26338,31569
820,Project 820,2022-01-31,2022-12-05,357997,357997,308,180553,177444
821,Project 821,2021-03-23,2021-08-06,231387,231387,136,108195,123192
822,Project 822,2020-06-06,2020-08-01,319010,319010,56,101499,217511
823,Project 823,2019-08-08,2020-01-19,494339,494339,164,161678,332661
824,Project 824,2020-09-30,2021-04-15,362504,362504,197,82376,280128
825,Project 825,2019-07-24,2020-06-18,126281,126281,330,29048,97233
826,Project 826,2022-04-22,2023-03-13,478093,478093,325,183628,294465
827,Project 827,2018-04-27,2018-06-03,114666,114666,37,67757,46909
828,Project 828,2018-04-22,2018-11-30,253836,253836,222,117100,136736
829,Project 829,2020-01-27,2020-11-23,479517,479517,301,114337,365180
830,Project 830,2021-11-02,2022-04-15,144594,144594,164,73768,70826
831,Project 831,2019-12-31,2020-02-21,162511,162511,52,85275,77236
832,Project 832,2022-12-01,2023-04-11,354751,354751,131,88361,266390
833,Project 833,2020-12-01,2021-01-25,217838,217838,55,126197,91641
834,Project 834,2019-10-31,2020-05-30,367516,367516,212,98092,269424
835,Project 835,2019-11-08,2020-09-22,495987,495987,319,180392,315595
836,Project 836,2018-08-11,2018-12-20,63644,63644,131,20072,43572
837,Project 837,2021-08-03,2022-05-29,362276,362276,299,202926,159350
838,Project 838,2018-03-21,2018-05-08,352011,352011,48,124385,227626
839,Project 839,2022-11-22,2023-06-08,414356,414356,198,120080,294276
840,Project 840,2019-01-10,2019-08-21,377456,377456,223,140480,236976
841,Project 841,2022-01-07,2022-02-21,281577,281577,45,123411,158166
842,Project 842,2019-11-26,2020-02-02,77015,77015,68,24617,52398
843,Project 843,2021-02-15,2021-08-11,132777,132777,177,49688,83089
844,Project 844,2021-12-24,2022-06-30,195941,195941,188,49642,146299
845,Project 845,2019-07-13,2019-08-18,366916,366916,36,128763,238153
846,Project 846,2020-03-01,2020-12-17,450202,450202,291,134166,316036
847,Project 847,2022-11-25,2023-05-20,379638,379638,176,147987,231651
848,Project 848,2021-11-19,2022-09-05,422027,422027,290,224677,197350
849,Project 849,2022-07-25,2023-07-08,317308,317308,348,141229,176079
850,Project 850,2019-05-19,2020-01-09,493381,493381,235,131399,361982
851,Project 851,2019-08-22,2019-12-09,185165,185165,109,64802,120363
852,Project 852,2018-11-12,2019-03-21,479249,479249,129,100017,379232
853,Project 853,2018-10-21,2019-02-05,342132,342132,107,151895,190237
854,Project 854,2018-11-17,2019-08-31,94893,94893,287,21671,73222
855,Project 855,2020-01-31,2020-10-31,442437,442437,274,92529,349908
856,Project 856,2020-01-17,2020-03-10,423075,423075,53,174242,248833
857,Project 857,2020-09-15,2021-05-08,476619,476619,235,138372,338247
858,Project 858,2021-09-08,2021-12-07,212736,212736,90,78422,134314
859,Project 859,2022-10-23,2023-09-11,249908,249908,323,125440,124468
860,Project 860,2022-02-02,2022-08-22,220851,220851,201,92295,128556
861,Project 861,2022-06-16,2022-10-30,287659,287659,136,114499,173160
862,Project 862,2020-02-25,2020-04-18,84115,84115,53,29042,55073
863,Project 863,2022-12-12,2023-10-25,265477,265477,317,68258,197219
864,Project 864,2022-06-06,2022-10-01,127302,127302,117,27219,100083
865,Project 865,2021-02-04,2021-11-24,364198,364198,293,94861,269337
866,Project 866,2018-07-28,2019-03-22,438599,438599,237,187632,250967
867,Project 867,2020-03-27,2020-09-08,496950,496950,165,250135,246815
868,Project 868,2018-02-08,2018-12-30,343045,343045,325,177121,165924
869,Project 869,2018-09-07,2018-12-14,228550,228550,98,58430,170120
870,Project 870,2018-08-12,2018-12-09,74758,74758,119,19508,55250
871,Project 871,2020-01-21,2020-08-20,164235,164235,212,86608,77627
872,Project 872,2020-03-26,2021-03-08,377216,377216,347,97006,280210
873,Project 873,2022-03-26,2022-11-13,285640,285640,232,97696,187944
874,Project 874,2020-07-14,2020-09-05,206506,206506,53,99131,107375
875,Project 875,2021-10-24,2022-01-16,479544,479544,84,113894,365650
876,Project 876,2021-11-22,2022-10-04,209120,209120,316,79640,129480
877,Project 877,2020-04-18,2020-11-04,207284,207284,200,101814,105470
878,Project 878,2022-09-08,2023-01-08,132547,132547,122,62488,70059
879,Project 879,2020-07-16,2021-03-18,404989,404989,245,81737,323252
880,Project 880,2020-02-12,2021-02-04,371886,371886,358,102818,269068
881,Project 881,2019-01-21,2019-10-24,107170,107170,276,36537,70633
882,Project 882,2018-05-31,2018-08-24,141433,141433,85,78010,63423
883,Project 883,2018-08-17,2019-04-18,473901,473901,244,100235,373666
884,Project 884,2022-10-22,2023-01-19,434833,434833,89,222983,211850
885,Project 885,2021-06-16,2021-08-17,194847,194847,62,65396,129451
886,Project 886,2020-09-15,2020-12-16,186908,186908,92,102440,84468
887,Project 887,2021-01-06,2021-06-15,269340,269340,160,60872,208468
888,Project 888,2022-09-21,2023-01-07,55616,55616,108,31205,24411
889,Project 889,2022-05-16,2023-01-03,399631,399631,232,208342,191289
890,Project 890,2019-12-02,2020-09-16,446253,446253,289,208217,238036
891,Project 891,2021-09-19,2022-08-18,415427,415427,333,88203,327224
892,Project 892,2021-09-25,2021-11-19,213142,213142,55,96029,117113
893,Project 893,2018-06-05,2018-07-13,193157,193157,38,93462,99695
894,Project 894,2019-04-21,2020-03-18,367539,367539,332,202063,165476
895,Project 895,2019-02-08,2019-06-26,87122,87122,138,37742,49380
896,Project 896,2020-01-31,2020-07-21,406102,406102,172,208648,197454
897,Project 897,2022-04-23,2023-01-10,270727,270727,262,115179,155548
898,Project 898,2022-08-23,2023-06-25,166621,166621,306,78055,88566
899,Project 899,2019-03-16,2019-04-20,111982,111982,35,34442,77540
900,Project 900,2018-06-16,2019-04-11,226003,226003,299,60047,165956
901,Project 901,2018-07-08,2019-05-14,163002,163002,310,38290,124712
902,Project 902,2020-08-12,2021-02-24,235067,235067,196,114870,120197
903,Project 903,2020-07-06,2020-08-31,84795,84795,56,31921,52874
904,Project 904,2022-11-13,2023-08-28,391737,391737,288,100384,291353
905,Project 905,2019-02-18,2019-10-31,484273,484273,255,119158,365115
906,Project 906,2022-07-18,2022-12-03,395993,395993,138,118976,277017
907,Project 907,2019-07-05,2020-05-30,74969,74969,330,36771,38198
908,Project 908,2019-06-14,2020-06-07,318477,318477,359,154154,164323
909,Project 909,2021-10-29,2022-06-06,270131,270131,220,99572,170559
910,Project 910,2021-07-23,2021-09-15,256057,256057,54,85961,170096
911,Project 911,2020-08-16,2020-11-21,260876,260876,97,56960,203916
912,Project 912,2022-11-23,2023-09-29,109652,109652,310,30089,79563
913,Project 913,2021-10-29,2022-07-28,459329,459329,272,245080,214249
914,Project 914,2019-03-28,2019-12-23,193970,193970,270,78469,115501
915,Project 915,2019-02-09,2019-03-25,93314,93314,44,36296,57018
916,Project 916,2021-07-26,2022-01-19,486626,486626,177,114224,372402
917,Project 917,2020-10-13,2021-02-25,401881,401881,135,118522,283359
918,Project 918,2022-01-27,2022-04-02,360130,360130,65,115947,244183
919,Project 919,2018-12-01,2019-03-06,118268,118268,95,27880,90388
920,Project 920,2020-11-17,2021-03-17,302274,302274,120,95906,206368
921,Project 921,2022-04-17,2023-02-05,472308,472308,294,251456,220852
922,Project 922,2020-09-23,2021-01-27,85020,85020,126,33359,51661
923,Project 923,2022-05-26,2022-08-31,221965,221965,97,105525,116440
924,Project 924,2021-11-13,2022-02-28,61642,61642,107,26372,35270
925,Project 925,2018-04-22,2018-08-23,249641,249641,123,145355,104286
926,Project 926,2018-03-31,2018-08-24,392202,392202,146,101583,290619
927,Project 927,2021-09-14,2022-04-06,210223,210223,204,59964,150259
928,Project 928,2020-03-10,2020-10-03,143457,143457,207,59737,83720
929,Project 929,2022-06-10,2023-02-19,447250,447250,254,134083,313167
930,Project 930,2018-11-25,2019-07-26,122707,122707,243,61996,60711
931,Project 931,2022-01-07,2022-05-08,293401,293401,121,74619,218782
932,Project 932,2022-03-12,2022-06-03,432558,432558,83,125837,306721
933,Project 933,2019-08-06,2020-05-22,311097,311097,290,185377,125720
934,Project 934,2022-06-14,2022-11-25,88447,88447,164,51740,36707
935,Project 935,2021-04-29,2021-09-10,139376,139376,134,83302,56074
936,Project 936,2022-06-08,2022-07-28,424170,424170,50,198539,225631
937,Project 937,2018-11-25,2019-02-03,254312,254312,70,116834,137478
938,Project 938,2022-11-10,2023-04-07,376303,376303,148,104839,271464
939,Project 939,2022-12-13,2023-06-16,148116,148116,185,42485,105631
940,Project 940,2022-08-18,2023-07-10,176787,176787,326,66968,109819
941,Project 941,2018-02-08,2019-01-13,159048,159048,339,78446,80602
942,Project 942,2022-03-30,2022-07-03,135812,135812,95,60999,74813
943,Project 943,2022-07-05,2023-04-16,253763,253763,285,82443,171320
944,Project 944,2022-04-11,2022-05-18,72688,72688,37,22748,49940
945,Project 945,2019-06-01,2020-01-07,65191,65191,220,13193,51998
946,Project 946,2020-03-06,2021-01-02,312218,312218,302,86801,225417
947,Project 947,2022-10-20,2023-04-16,256933,256933,178,64092,192841
948,Project 948,2019-08-07,2019-12-28,328476,328476,143,93177,235299
949,Project 949,2021-12-06,2022-04-30,339076,339076,145,88694,250382
950,Project 950,2019-03-17,2019-11-10,382259,382259,238,210501,171758
951,Project 951,2020-04-05,2020-08-16,264634,264634,133,55675,208959
952,Project 952,2022-05-22,2023-04-29,444886,444886,342,136726,308160
953,Project 953,2019-05-19,2019-07-06,379885,379885,48,208145,171740
954,Project 954,2020-07-16,2021-04-02,320126,320126,260,187913,132213
955,Project 955,2018-10-03,2019-04-01,392526,392526,180,111921,280605
956,Project 956,2018-02-20,2018-08-29,356355,356355,190,130035,226320
957,Project 957,2021-02-20,2021-07-22,213123,213123,152,72282,140841
958,Project 958,2020-04-26,2020-11-30,329228,329228,218,168860,160368
959,Project 959,2021-07-06,2021-11-01,371732,371732,118,176006,195726
960,Project 960,2019-01-06,2019-05-03,217549,217549,117,75934,141615
961,Project 961,2020-09-16,2021-01-13,167376,167376,119,57864,109512
962,Project 962,2021-04-06,2021-10-08,368662,368662,185,181394,187268
963,Project 963,2022-09-13,2022-10-13,485917,485917,30,248171,237746
964,Project 964,2019-08-27,2020-02-26,145766,145766,183,66862,78904
965,Project 965,2018-11-14,2019-10-09,290551,290551,329,90595,199956
966,Project 966,2018-07-05,2019-03-17,316982,316982,255,93663,223319
967,Project 967,2022-01-05,2022-08-22,273361,273361,229,157282,116079
968,Project 968,2021-03-11,2021-11-01,286875,286875,235,151729,135146
969,Project 969,2021-02-15,2021-09-23,480157,480157,220,107892,372265
970,Project 970,2019-04-29,2019-10-20,485253,485253,174,241363,243890
971,Project 971,2018-05-23,2019-03-10,118475,118475,291,64719,53756
972,Project 972,2022-08-04,2023-05-29,234334,234334,298,87930,146404
973,Project 973,2020-03-31,2020-05-04,51100,51100,34,17044,34056
974,Project 974,2020-11-28,2021-03-12,347134,347134,104,167559,179575
975,Project 975,2020-10-01,2021-06-11,51677,51677,253,15283,36394
976,Project 976,2021-03-12,2021-12-01,100185,100185,264,44189,55996
977,Project 977,2018-02-13,2018-10-30,119042,119042,259,68599,50443
978,Project 978,2021-04-09,2022-02-02,50532,50532,299,11002,39530
979,Project 979,2020-05-25,2021-03-14,318096,318096,293,80680,237416
980,Project 980,2022-03-02,2022-10-12,168027,168027,224,46121,121906
981,Project 981,2021-04-04,2021-10-09,459777,459777,188,184558,275219
982,Project 982,2021-05-09,2022-05-07,443653,443653,363,167286,276367
983,Project 983,2021-06-15,2022-05-29,445018,445018,348,185111,259907
984,Project 984,2019-02-26,2019-06-15,301405,301405,109,159776,141629
985,Project 985,2020-09-05,2020-12-11,314114,314114,97,79327,234787
986,Project 986,2018-04-22,2018-10-25,138215,138215,186,63686,74529
987,Project 987,2019-10-28,2019-12-08,120976,120976,41,67111,53865
988,Project 988,2022-09-06,2022-12-26,273890,273890,111,82099,191791
989,Project 989,2020-02-13,2020-04-22,372501,372501,69,127774,244727
990,Project 990,2021-09-21,2021-12-28,324888,324888,98,190816,134072
991,Project 991,2019-03-21,2019-10-25,417821,417821,218,131110,286711
992,Project 992,2021-06-03,2021-08-25,284459,284459,83,61756,222703
993,Project 993,2022-01-11,2022-08-20,300170,300170,221,142587,157583
994,Project 994,2021-04-19,2022-03-07,274308,274308,322,81160,193148
995,Project 995,2021-01-18,2021-06-28,79851,79851,161,23146,56705
996,Project 996,2019-12-25,2020-11-12,308761,308761,323,113019,195742
997,Project 997,2022-11-09,2023-07-12,409060,409060,245,166441,242619
998,Project 998,2022-02-20,2022-10-25,483941,483941,247,228511,255430
999,Project 999,2018-12-12,2019-05-14,66788,66788,153,29540,37248
1000,Project 1000,2020-11-13,2021-09-13,172227,172227,304,69554,102673
