Timestamp,Location,Temperature,Humidity,Pollution_Level
2023-01-01 00:00:00,Zone 10,21.716291006617244,51.36602467584698,8
2023-01-01 00:10:00,Zone 8,18.55454761697124,56.57782473439447,3
2023-01-01 00:20:00,Zone 9,38.88875261813902,95.3557223719158,4
2023-01-01 00:30:00,Zone 2,-6.312836427753334,20.292380044650713,4
2023-01-01 00:40:00,Zone 3,39.98941539176819,70.11407360941278,3
2023-01-01 00:50:00,Zone 4,37.53125663575664,46.51210876164903,8
2023-01-01 01:00:00,Zone 9,19.235264411115697,30.14882098785258,10
2023-01-01 01:10:00,Zone 10,-6.169701748573871,76.27150298022805,2
2023-01-01 01:20:00,Zone 7,33.85693804832528,33.27023050458738,5
2023-01-01 01:30:00,Zone 1,12.707214918709141,28.39916532794728,9
2023-01-01 01:40:00,Zone 2,11.662918280788357,42.5616261550923,5
2023-01-01 01:50:00,Zone 5,8.803244617635436,36.76077550093814,10
2023-01-01 02:00:00,Zone 8,7.829509890087085,36.97905748938216,9
2023-01-01 02:10:00,Zone 4,-4.663146015504368,39.43581787934336,1
2023-01-01 02:20:00,Zone 9,16.943263366411642,67.79319931501944,5
2023-01-01 02:30:00,Zone 10,15.645147244836412,57.1559853629574,3
2023-01-01 02:40:00,Zone 1,39.77116744949591,94.44133299000525,8
2023-01-01 02:50:00,Zone 6,25.90522338688252,96.10926299447834,10
2023-01-01 03:00:00,Zone 1,10.712331035863812,99.02714757761979,5
2023-01-01 03:10:00,Zone 3,8.554675111433,35.91667358308774,4
2023-01-01 03:20:00,Zone 8,14.890373651844449,56.92997004767943,7
2023-01-01 03:30:00,Zone 7,18.927910826130887,28.021968054788047,3
2023-01-01 03:40:00,Zone 5,25.03110237489674,85.79397046703454,7
2023-01-01 03:50:00,Zone 5,-3.1689536644686624,23.42192048299804,5
2023-01-01 04:00:00,Zone 10,10.826676409226323,35.88224885700378,4
2023-01-01 04:10:00,Zone 10,-4.322130856725639,98.05089343277905,4
2023-01-01 04:20:00,Zone 8,22.57304702574728,58.941102659592744,3
2023-01-01 04:30:00,Zone 9,23.965486793505015,95.64849133541313,3
2023-01-01 04:40:00,Zone 2,31.652705632536062,52.169979163079745,4
2023-01-01 04:50:00,Zone 10,18.45686875972067,97.35707053364712,3
2023-01-01 05:00:00,Zone 4,11.903200644089011,73.11546218831799,2
2023-01-01 05:10:00,Zone 9,32.10292585189963,98.19202666967739,5
2023-01-01 05:20:00,Zone 6,3.484909925308253,72.18051733042263,5
2023-01-01 05:30:00,Zone 10,30.411502397124444,40.68856020293743,7
2023-01-01 05:40:00,Zone 1,25.104431471681757,92.60313211574395,1
2023-01-01 05:50:00,Zone 9,6.678602758123073,42.24630434630959,5
2023-01-01 06:00:00,Zone 4,-8.688988602916805,24.137587211040188,9
2023-01-01 06:10:00,Zone 8,26.903840498318715,37.8998116969525,4
2023-01-01 06:20:00,Zone 7,-7.033166229624301,50.27526579974789,8
2023-01-01 06:30:00,Zone 4,5.100502806635035,62.24912275537336,8
2023-01-01 06:40:00,Zone 10,17.911188207543415,43.75647967865687,7
2023-01-01 06:50:00,Zone 3,-0.314634499157453,40.978060195806385,7
2023-01-01 07:00:00,Zone 3,-7.86018073757019,61.29371204474015,3
2023-01-01 07:10:00,Zone 10,8.597975195421277,22.94332047266103,2
2023-01-01 07:20:00,Zone 1,11.748464661955673,82.23911812273943,4
2023-01-01 07:30:00,Zone 7,30.48216177591528,42.862062780006994,10
2023-01-01 07:40:00,Zone 4,19.56073676687911,69.01916935733423,6
2023-01-01 07:50:00,Zone 3,30.919440938763138,89.79828921397213,9
2023-01-01 08:00:00,Zone 7,14.614335250983732,63.94841040649222,8
2023-01-01 08:10:00,Zone 8,-1.9589566371445066,42.25057935450474,3
2023-01-01 08:20:00,Zone 3,12.275454489618205,22.548846071799726,8
2023-01-01 08:30:00,Zone 4,27.073684479154792,73.17499020114313,9
2023-01-01 08:40:00,Zone 8,-0.11893171640680755,41.184013748919675,8
2023-01-01 08:50:00,Zone 6,21.275711396205562,32.228676566095295,9
2023-01-01 09:00:00,Zone 7,22.398702615604783,88.68716105583344,10
2023-01-01 09:10:00,Zone 2,31.47311789718532,92.35138396097926,5
2023-01-01 09:20:00,Zone 5,9.451008100322586,85.96533890168325,8
2023-01-01 09:30:00,Zone 9,3.4591898252818645,31.153944822125574,4
2023-01-01 09:40:00,Zone 4,31.98661308073057,42.24304434821116,3
2023-01-01 09:50:00,Zone 2,0.926146347267796,90.33510234024047,7
2023-01-01 10:00:00,Zone 7,-3.943110955308967,95.97425363768424,10
2023-01-01 10:10:00,Zone 9,8.30621420029177,25.862901401788108,5
2023-01-01 10:20:00,Zone 3,15.61707760313221,99.83643485308639,2
2023-01-01 10:30:00,Zone 5,36.32602946394201,48.961131925072195,8
2023-01-01 10:40:00,Zone 5,39.30483020683512,55.3428278743018,8
2023-01-01 10:50:00,Zone 2,14.913736680760373,79.9594489625157,2
2023-01-01 11:00:00,Zone 3,-9.157397482204162,28.30771480535904,2
2023-01-01 11:10:00,Zone 1,-6.458626010515375,70.9935307598854,6
2023-01-01 11:20:00,Zone 9,13.017689965967396,86.61433206062063,7
2023-01-01 11:30:00,Zone 6,10.138114979156686,75.35359088029244,10
2023-01-01 11:40:00,Zone 3,15.468731457474767,94.45853655821956,3
2023-01-01 11:50:00,Zone 7,8.067173672391029,61.12760881540843,2
2023-01-01 12:00:00,Zone 5,20.542552134383193,62.39540372767575,4
2023-01-01 12:10:00,Zone 4,33.132233402297906,96.60882231509294,9
2023-01-01 12:20:00,Zone 8,30.14706564527272,48.053152321213005,6
2023-01-01 12:30:00,Zone 5,30.595638556480857,55.37364936749881,3
2023-01-01 12:40:00,Zone 2,-2.1399272319512965,59.81408717337931,1
2023-01-01 12:50:00,Zone 9,8.424671843777979,78.9742026116212,4
2023-01-01 13:00:00,Zone 8,32.68295779965003,56.92237636224539,5
2023-01-01 13:10:00,Zone 2,8.876262495722905,49.35846547345573,1
2023-01-01 13:20:00,Zone 3,-1.1477213539617743,51.52296895861751,10
2023-01-01 13:30:00,Zone 10,25.362908311474428,80.75103756807724,7
2023-01-01 13:40:00,Zone 5,3.508128055119551,68.3891056696485,3
2023-01-01 13:50:00,Zone 2,32.5626366526781,56.17789157162139,3
2023-01-01 14:00:00,Zone 5,24.072842633224518,57.527811310591005,8
2023-01-01 14:10:00,Zone 3,-7.661354582258292,56.28689576120425,4
2023-01-01 14:20:00,Zone 2,-8.97031821382516,89.54710814749181,9
2023-01-01 14:30:00,Zone 8,18.4728063432852,92.36723948807852,9
2023-01-01 14:40:00,Zone 1,25.091178972227198,46.44777638545914,6
2023-01-01 14:50:00,Zone 5,22.99254118432888,70.98913726491958,9
2023-01-01 15:00:00,Zone 1,26.403270529298396,83.34871222162187,8
2023-01-01 15:10:00,Zone 9,19.63777658954311,47.05946675730657,2
2023-01-01 15:20:00,Zone 9,-8.990697164985875,63.794505003654194,7
2023-01-01 15:30:00,Zone 9,15.024803431151142,26.10974589876486,1
2023-01-01 15:40:00,Zone 8,14.970778059382639,25.41682146617208,4
2023-01-01 15:50:00,Zone 10,11.927194160211531,91.2519080954762,10
2023-01-01 16:00:00,Zone 3,15.843187413133716,46.44135474521537,7
2023-01-01 16:10:00,Zone 1,27.52266503729495,30.285298092370603,5
2023-01-01 16:20:00,Zone 5,34.66414572861419,71.45863165193262,4
2023-01-01 16:30:00,Zone 8,16.237121098854466,71.2917883688761,4
2023-01-01 16:40:00,Zone 5,36.7042397908129,69.94387774884444,2
2023-01-01 16:50:00,Zone 6,-2.5097500996921784,96.63745950238837,1
2023-01-01 17:00:00,Zone 4,34.56396010586318,55.68088104810202,5
2023-01-01 17:10:00,Zone 5,-4.245504447289797,50.523568423632845,9
2023-01-01 17:20:00,Zone 9,7.372822452402286,50.670427793555376,4
2023-01-01 17:30:00,Zone 8,35.05723275089279,23.97510398522708,8
2023-01-01 17:40:00,Zone 2,31.552514714729377,33.85764344763154,9
2023-01-01 17:50:00,Zone 2,26.207767804399936,97.43029914210145,4
2023-01-01 18:00:00,Zone 6,27.231698025051656,66.25298186752423,3
2023-01-01 18:10:00,Zone 6,-1.4900664352630013,55.06920204872487,5
2023-01-01 18:20:00,Zone 9,24.88058251034775,34.85458003018418,3
2023-01-01 18:30:00,Zone 6,0.9341168529488275,75.54040578942006,7
2023-01-01 18:40:00,Zone 10,28.452623269080547,36.50465169723431,4
2023-01-01 18:50:00,Zone 5,37.624607896964214,82.35938989427771,9
2023-01-01 19:00:00,Zone 8,36.2643530764981,69.86101816345852,3
2023-01-01 19:10:00,Zone 3,34.079360611255495,90.0977002124674,6
2023-01-01 19:20:00,Zone 9,21.903388274143403,72.45568381068166,2
2023-01-01 19:30:00,Zone 5,-5.578930613705765,84.53932960111955,8
2023-01-01 19:40:00,Zone 3,22.858202323060745,40.29263239959131,2
2023-01-01 19:50:00,Zone 7,27.63719475217895,96.96903458101261,3
2023-01-01 20:00:00,Zone 9,22.770106246916853,60.905176340494826,6
2023-01-01 20:10:00,Zone 1,31.935127492119356,75.66259547886324,2
2023-01-01 20:20:00,Zone 6,21.775275971412132,88.62489508504328,8
2023-01-01 20:30:00,Zone 2,22.833585357226283,35.72892527288167,7
2023-01-01 20:40:00,Zone 5,-9.827961052899106,85.88933241622883,1
2023-01-01 20:50:00,Zone 2,34.076074686388914,64.24303939272646,1
2023-01-01 21:00:00,Zone 9,39.08112093967643,93.48041304148336,9
2023-01-01 21:10:00,Zone 7,38.7652263299112,77.90201453041757,9
2023-01-01 21:20:00,Zone 1,25.22338245852589,31.154252720119445,7
2023-01-01 21:30:00,Zone 6,-6.636841208875995,69.29520651966965,5
2023-01-01 21:40:00,Zone 5,19.233230259376747,41.30736863638966,6
2023-01-01 21:50:00,Zone 10,25.94826304524461,90.38778240717154,2
2023-01-01 22:00:00,Zone 5,-5.568297593334705,88.59021314593184,1
2023-01-01 22:10:00,Zone 10,36.02906548281017,32.08962911180563,4
2023-01-01 22:20:00,Zone 7,34.0888987450706,59.61206261904148,7
2023-01-01 22:30:00,Zone 3,-0.5612601187876685,25.886476705384727,4
2023-01-01 22:40:00,Zone 8,14.497308539227987,45.22806643904084,7
2023-01-01 22:50:00,Zone 4,39.4194565823418,53.85216806442137,10
2023-01-01 23:00:00,Zone 1,14.592090076930788,53.835888587400326,6
2023-01-01 23:10:00,Zone 10,9.883666387232523,75.83434312316834,2
2023-01-01 23:20:00,Zone 6,28.240917649796366,48.52914549795993,5
2023-01-01 23:30:00,Zone 6,12.282452529053515,81.7515081466259,1
2023-01-01 23:40:00,Zone 1,27.852305902612997,38.50396851654574,4
2023-01-01 23:50:00,Zone 1,29.71767929953316,22.98253106302588,8
2023-01-02 00:00:00,Zone 2,22.459169154427755,75.65064623074099,9
2023-01-02 00:10:00,Zone 8,30.76203587664274,39.02041631138252,9
2023-01-02 00:20:00,Zone 8,-2.78324367833084,55.25423397489008,4
2023-01-02 00:30:00,Zone 2,14.18303459607391,37.19048465713747,9
2023-01-02 00:40:00,Zone 7,24.21850582923919,86.51881513363342,8
2023-01-02 00:50:00,Zone 10,20.262154828185583,55.96228553837449,5
2023-01-02 01:00:00,Zone 5,36.82937787332414,85.96274013229993,1
2023-01-02 01:10:00,Zone 3,16.065232583624752,96.62486271110168,2
2023-01-02 01:20:00,Zone 4,27.931948471361274,42.56387150793556,4
2023-01-02 01:30:00,Zone 6,13.021589886674331,73.1138740215967,7
2023-01-02 01:40:00,Zone 5,8.279264901698362,99.92053033503271,8
2023-01-02 01:50:00,Zone 3,34.57247398957152,51.22439623784273,10
2023-01-02 02:00:00,Zone 9,1.9606567630879397,32.369693903200755,9
2023-01-02 02:10:00,Zone 4,27.22443405708004,63.65179874944872,4
2023-01-02 02:20:00,Zone 5,11.798940881215007,97.3346919631109,6
2023-01-02 02:30:00,Zone 10,16.93791542369371,78.10784952677102,8
2023-01-02 02:40:00,Zone 8,-5.566601408485013,21.82159425193167,4
2023-01-02 02:50:00,Zone 5,2.429899172948872,32.324269004741765,3
2023-01-02 03:00:00,Zone 6,17.79337802981144,96.66515072985754,9
2023-01-02 03:10:00,Zone 5,31.164315974310405,23.938067138875716,3
2023-01-02 03:20:00,Zone 9,-6.590639183043092,54.539734662713144,8
2023-01-02 03:30:00,Zone 8,24.51161933054403,85.77811249783056,9
2023-01-02 03:40:00,Zone 7,31.807207167538387,95.79818671779462,5
2023-01-02 03:50:00,Zone 4,33.65443868224798,63.23980483427857,7
2023-01-02 04:00:00,Zone 4,11.901104300681297,92.93135015872052,1
2023-01-02 04:10:00,Zone 8,11.331306063084977,89.96370975668671,8
2023-01-02 04:20:00,Zone 1,-6.7154933503440395,35.3893311056808,6
2023-01-02 04:30:00,Zone 6,7.6729367524728005,47.06830525409959,9
2023-01-02 04:40:00,Zone 4,14.609981044873969,48.71548956889291,7
2023-01-02 04:50:00,Zone 9,27.509458727665013,27.076838143454278,7
2023-01-02 05:00:00,Zone 8,14.953309238612341,58.73263677996541,5
2023-01-02 05:10:00,Zone 10,-8.19146224754789,37.67277943610675,9
2023-01-02 05:20:00,Zone 2,11.267155285278534,94.58987535734562,3
2023-01-02 05:30:00,Zone 3,29.394424786600553,86.47422129873871,8
2023-01-02 05:40:00,Zone 4,8.650592724365023,20.849363483211285,2
2023-01-02 05:50:00,Zone 2,29.73688073214643,98.3661384026039,10
2023-01-02 06:00:00,Zone 4,30.286134164204405,35.47622991464568,5
2023-01-02 06:10:00,Zone 2,22.404822075991916,73.66677138415086,6
2023-01-02 06:20:00,Zone 2,2.887333069313561,39.96755458925122,8
2023-01-02 06:30:00,Zone 7,32.808115168821814,69.0316921758664,5
2023-01-02 06:40:00,Zone 5,13.584157773967668,28.971399012418644,8
2023-01-02 06:50:00,Zone 6,0.8042161210906755,45.61235870760103,9
2023-01-02 07:00:00,Zone 4,24.232126063952258,57.540738692337555,5
2023-01-02 07:10:00,Zone 5,24.0652322671352,57.04696612925705,4
2023-01-02 07:20:00,Zone 8,-8.445603676451848,88.35021921522268,3
2023-01-02 07:30:00,Zone 1,22.754874891780105,79.90198198085125,9
2023-01-02 07:40:00,Zone 6,21.383671212258747,92.08048424946335,2
2023-01-02 07:50:00,Zone 3,31.02046945111052,20.869498829020642,8
2023-01-02 08:00:00,Zone 9,-7.880445062897997,54.94601751374569,6
2023-01-02 08:10:00,Zone 6,38.786430282038225,27.112272624850622,1
2023-01-02 08:20:00,Zone 9,31.70280503495914,85.71905726253785,1
2023-01-02 08:30:00,Zone 2,35.693909945684815,43.93128739652074,2
2023-01-02 08:40:00,Zone 3,14.637179874352181,92.59501300428218,2
2023-01-02 08:50:00,Zone 8,3.9575158365364,87.31880486716327,6
2023-01-02 09:00:00,Zone 5,7.336162428236467,49.89425291551819,8
2023-01-02 09:10:00,Zone 10,30.933423603364723,84.46530664854717,10
2023-01-02 09:20:00,Zone 4,2.1712834763560487,80.36353195820317,1
2023-01-02 09:30:00,Zone 2,16.892600146595065,30.937090715462226,3
2023-01-02 09:40:00,Zone 1,1.1769162098156798,45.09515130775556,6
2023-01-02 09:50:00,Zone 7,23.03337214901935,90.11490103482416,5
2023-01-02 10:00:00,Zone 4,16.48921886290922,34.429117041114246,2
2023-01-02 10:10:00,Zone 6,-0.2576090626718788,46.67681232600919,2
2023-01-02 10:20:00,Zone 1,-4.93324751747127,69.98818643980898,4
2023-01-02 10:30:00,Zone 7,34.20707435652148,51.64361496748835,8
2023-01-02 10:40:00,Zone 1,17.703493789261113,89.6957048199397,9
2023-01-02 10:50:00,Zone 3,12.362913090949732,21.48341233045535,10
2023-01-02 11:00:00,Zone 9,-1.682161260485218,43.21834518583485,2
2023-01-02 11:10:00,Zone 8,-1.2333491942256387,52.28982823824729,8
2023-01-02 11:20:00,Zone 4,19.949603870341114,44.20049164410671,9
2023-01-02 11:30:00,Zone 4,-3.178137903662317,68.07861331809457,9
2023-01-02 11:40:00,Zone 4,31.499582361280872,75.94408433508245,8
2023-01-02 11:50:00,Zone 6,3.698130688156674,43.88770861774723,9
2023-01-02 12:00:00,Zone 9,-3.914634577333339,44.16406844914613,6
2023-01-02 12:10:00,Zone 6,-8.37214044403672,63.773515017862096,7
2023-01-02 12:20:00,Zone 9,12.31061692206049,65.94397676210377,7
2023-01-02 12:30:00,Zone 10,32.60588092963668,58.87808904735934,2
2023-01-02 12:40:00,Zone 8,16.128140606870552,70.03420511119967,8
2023-01-02 12:50:00,Zone 3,12.461834434738304,61.41967826173338,9
2023-01-02 13:00:00,Zone 6,28.68346560214117,90.4652942983649,7
2023-01-02 13:10:00,Zone 9,22.085312378767156,29.14408311327641,7
2023-01-02 13:20:00,Zone 1,14.548322455228938,35.528437808038674,10
2023-01-02 13:30:00,Zone 9,34.70329593840584,50.52243792168258,6
2023-01-02 13:40:00,Zone 4,28.5495022078103,83.03290330721462,8
2023-01-02 13:50:00,Zone 5,-9.851670023138183,37.361722631526675,4
2023-01-02 14:00:00,Zone 10,6.41524328237514,31.297226834632905,7
2023-01-02 14:10:00,Zone 4,15.544688865509869,41.0931852294345,9
2023-01-02 14:20:00,Zone 1,3.6526229626824147,70.63555861159081,2
2023-01-02 14:30:00,Zone 5,15.984762474657934,80.28957876257142,1
2023-01-02 14:40:00,Zone 9,16.223298166648796,63.81827984073257,5
2023-01-02 14:50:00,Zone 4,11.726412636245634,29.61066303188943,6
2023-01-02 15:00:00,Zone 10,33.07013311484823,48.67866156548462,8
2023-01-02 15:10:00,Zone 3,-4.626794892214628,22.437149466198996,2
2023-01-02 15:20:00,Zone 1,5.402608511534421,44.66869061691058,10
2023-01-02 15:30:00,Zone 7,35.566410431795354,63.72489591975662,4
2023-01-02 15:40:00,Zone 2,3.199645587715242,23.070810457637663,4
2023-01-02 15:50:00,Zone 8,-8.134970736007793,62.36029740790917,10
2023-01-02 16:00:00,Zone 10,-0.47958760337735384,48.409513802067806,1
2023-01-02 16:10:00,Zone 8,18.322960255031077,37.10569377431186,2
2023-01-02 16:20:00,Zone 4,23.386844060528382,70.5112589238404,4
2023-01-02 16:30:00,Zone 9,-4.890816180381793,76.86231618817246,2
2023-01-02 16:40:00,Zone 5,17.15357509856079,31.722339711301473,2
2023-01-02 16:50:00,Zone 8,1.6469432900188465,94.4176454123434,3
2023-01-02 17:00:00,Zone 5,32.12863017013619,60.121630412267976,2
2023-01-02 17:10:00,Zone 7,-8.806567273369577,99.43063805793935,10
2023-01-02 17:20:00,Zone 3,31.790535033078875,66.97045833616068,2
2023-01-02 17:30:00,Zone 2,20.97608053492129,52.888274081645434,10
2023-01-02 17:40:00,Zone 9,17.267153284242813,82.6248633217242,6
2023-01-02 17:50:00,Zone 7,34.537875995567106,70.4207463142161,7
2023-01-02 18:00:00,Zone 3,27.171389648106043,39.20179231750862,9
2023-01-02 18:10:00,Zone 6,22.142039023799413,62.8177656657737,5
2023-01-02 18:20:00,Zone 5,18.37414994212325,29.567078023771884,10
2023-01-02 18:30:00,Zone 6,1.209100772449954,75.10999789532751,5
2023-01-02 18:40:00,Zone 3,17.99872660417862,51.3604637454941,10
2023-01-02 18:50:00,Zone 6,28.711792647155278,33.90136489608989,5
2023-01-02 19:00:00,Zone 4,2.7642052056869453,85.48778635215854,9
2023-01-02 19:10:00,Zone 8,31.082312613201566,87.69009682100553,2
2023-01-02 19:20:00,Zone 9,5.2907512422441485,24.79232224001647,2
2023-01-02 19:30:00,Zone 7,31.16661169990425,80.73537494406644,8
2023-01-02 19:40:00,Zone 8,39.49436897277995,70.1172914125439,8
2023-01-02 19:50:00,Zone 4,12.031128166672296,48.0356797999979,6
2023-01-02 20:00:00,Zone 9,26.05988365397439,75.6469878312036,1
2023-01-02 20:10:00,Zone 6,22.803280758979035,28.940312314926715,5
2023-01-02 20:20:00,Zone 3,-3.2827799902394954,89.19377262280621,10
2023-01-02 20:30:00,Zone 4,-5.755402554585012,37.1316897493866,7
2023-01-02 20:40:00,Zone 4,-2.468339262089594,38.54320603019161,5
2023-01-02 20:50:00,Zone 1,37.97068845938769,60.06247896488805,10
2023-01-02 21:00:00,Zone 1,-3.0101097680197775,61.78603218674365,6
2023-01-02 21:10:00,Zone 1,19.976125884218803,82.6517440031264,9
2023-01-02 21:20:00,Zone 7,28.779335148218976,94.02267109039721,7
2023-01-02 21:30:00,Zone 6,14.830927739807311,98.26100999732232,5
2023-01-02 21:40:00,Zone 5,-4.293525426309937,84.79835233590099,2
2023-01-02 21:50:00,Zone 9,15.630535698258981,78.07216087748446,9
2023-01-02 22:00:00,Zone 2,-4.057198097827194,81.10904190564403,8
2023-01-02 22:10:00,Zone 2,37.289292570040644,25.038194715727144,7
2023-01-02 22:20:00,Zone 8,10.589679032097614,86.38648711548821,9
2023-01-02 22:30:00,Zone 8,-1.9076996523786818,42.88910216809417,8
2023-01-02 22:40:00,Zone 7,-0.3826128037835801,41.00769002581369,7
2023-01-02 22:50:00,Zone 5,7.456354968881783,72.87845557318991,1
2023-01-02 23:00:00,Zone 8,19.834524138247314,70.6257675959545,3
2023-01-02 23:10:00,Zone 1,12.095465366715061,43.439460165355214,2
2023-01-02 23:20:00,Zone 9,-4.006380508519838,85.56046143282165,7
2023-01-02 23:30:00,Zone 4,36.707732613741776,78.63994383629802,2
2023-01-02 23:40:00,Zone 2,34.520026701620615,54.41044715172243,1
2023-01-02 23:50:00,Zone 5,27.372025163929777,45.436180683151775,5
2023-01-03 00:00:00,Zone 7,14.820461324985597,78.58113712318178,2
2023-01-03 00:10:00,Zone 5,20.089101471820435,34.49521751173576,9
2023-01-03 00:20:00,Zone 6,34.09644671428383,77.33465033789865,8
2023-01-03 00:30:00,Zone 5,22.695745124983468,73.426307741968,2
2023-01-03 00:40:00,Zone 9,-8.537141494821789,39.058573519634685,10
2023-01-03 00:50:00,Zone 1,31.072905411016414,73.39473491118991,1
2023-01-03 01:00:00,Zone 1,30.94158893401047,93.30179149182857,9
2023-01-03 01:10:00,Zone 3,2.932986483879688,70.88780970584436,4
2023-01-03 01:20:00,Zone 4,20.530807529293064,67.32874537006055,3
2023-01-03 01:30:00,Zone 9,17.118275188509738,78.42610307638553,8
2023-01-03 01:40:00,Zone 6,2.764886651843554,78.23673486114262,4
2023-01-03 01:50:00,Zone 3,-6.889592804925584,27.596168061602768,5
2023-01-03 02:00:00,Zone 8,1.62205616355892,30.798816902164845,2
2023-01-03 02:10:00,Zone 8,22.93305945864426,74.05311733389505,9
2023-01-03 02:20:00,Zone 5,10.904821513823158,31.156363451158057,8
2023-01-03 02:30:00,Zone 10,7.073464778404134,22.37414591684705,4
2023-01-03 02:40:00,Zone 5,23.257791257996097,38.96935349251784,10
2023-01-03 02:50:00,Zone 7,19.389208998960452,23.33358513108852,8
2023-01-03 03:00:00,Zone 1,39.85188573727601,31.465904203546195,8
2023-01-03 03:10:00,Zone 2,33.62972908921219,90.13666836950904,10
2023-01-03 03:20:00,Zone 6,13.860792172604832,57.952888987685924,3
2023-01-03 03:30:00,Zone 3,-7.421204900816089,68.99657088463738,1
2023-01-03 03:40:00,Zone 9,27.811112324911548,67.97696926415773,2
2023-01-03 03:50:00,Zone 3,23.614476203642305,85.9951505210425,5
2023-01-03 04:00:00,Zone 10,1.8494922894260828,45.200732997710425,5
2023-01-03 04:10:00,Zone 2,19.351264874463713,72.26116832573561,2
2023-01-03 04:20:00,Zone 10,-4.583771530266725,20.973636945621507,9
2023-01-03 04:30:00,Zone 3,17.476824558312167,25.195784142139452,9
2023-01-03 04:40:00,Zone 8,17.694225280743733,99.26070935883794,3
2023-01-03 04:50:00,Zone 8,-1.1124097291470036,89.84276931159346,10
2023-01-03 05:00:00,Zone 6,8.326871724331674,84.91312416021044,10
2023-01-03 05:10:00,Zone 9,33.14178818993658,43.4787999928127,3
2023-01-03 05:20:00,Zone 3,30.627920862320458,67.72533935446685,3
2023-01-03 05:30:00,Zone 1,0.4960735704351933,55.41844597251179,9
2023-01-03 05:40:00,Zone 4,28.030497662921505,40.08036757690753,4
2023-01-03 05:50:00,Zone 2,8.16725071857946,20.698589685031035,4
2023-01-03 06:00:00,Zone 7,38.27014607253963,96.55798406289402,7
2023-01-03 06:10:00,Zone 1,24.132647300746846,98.77524240283388,3
2023-01-03 06:20:00,Zone 2,30.64870978449217,81.63218663146824,10
2023-01-03 06:30:00,Zone 1,23.683033222499006,53.80719232214218,4
2023-01-03 06:40:00,Zone 9,22.735557353213487,77.10150540965117,5
2023-01-03 06:50:00,Zone 1,24.71010156644104,32.25130974810526,3
2023-01-03 07:00:00,Zone 6,2.7242101345764684,74.58531199803345,7
2023-01-03 07:10:00,Zone 7,14.368256599586307,85.89417210757078,8
2023-01-03 07:20:00,Zone 9,25.102338558052935,94.94100921619994,5
2023-01-03 07:30:00,Zone 4,16.18870087081001,70.57978195174026,1
2023-01-03 07:40:00,Zone 6,31.435306374724227,89.61133467624953,9
2023-01-03 07:50:00,Zone 9,19.467862491695367,60.87544144283434,3
2023-01-03 08:00:00,Zone 1,11.4845126944587,55.11132642647403,7
2023-01-03 08:10:00,Zone 4,19.022052545027805,82.9516885954629,6
2023-01-03 08:20:00,Zone 5,12.569521119206854,26.849344469902825,6
2023-01-03 08:30:00,Zone 2,23.965520408446984,99.98010861807265,8
2023-01-03 08:40:00,Zone 4,38.68048897168376,90.00070435753186,2
2023-01-03 08:50:00,Zone 4,5.81383686477743,93.02768687746251,1
2023-01-03 09:00:00,Zone 1,9.650037346376177,20.470119854087436,10
2023-01-03 09:10:00,Zone 4,29.808376389296058,58.648409633739334,4
2023-01-03 09:20:00,Zone 9,0.3608360682920342,57.347678957918056,10
2023-01-03 09:30:00,Zone 6,30.785558002214486,52.73637818937515,4
2023-01-03 09:40:00,Zone 6,31.76871918489841,31.675592717036345,3
2023-01-03 09:50:00,Zone 6,-6.692406636313194,62.430396475774984,4
2023-01-03 10:00:00,Zone 9,19.66427012784314,40.30371164810903,5
2023-01-03 10:10:00,Zone 9,22.227571325858797,49.95262484836801,3
2023-01-03 10:20:00,Zone 9,19.913002740222268,97.50165282414729,8
2023-01-03 10:30:00,Zone 8,4.5887015319557385,40.32747746155159,9
2023-01-03 10:40:00,Zone 1,24.82686985957846,54.87461914696388,3
2023-01-03 10:50:00,Zone 8,7.427416278153888,65.12363702211206,2
2023-01-03 11:00:00,Zone 8,-6.523749192375169,62.062603024010066,6
2023-01-03 11:10:00,Zone 9,10.387679352737965,34.733377971226595,5
2023-01-03 11:20:00,Zone 1,23.174434323996614,27.88161757545651,10
2023-01-03 11:30:00,Zone 10,26.36754491069545,62.89276944961266,4
2023-01-03 11:40:00,Zone 6,0.9610936075586647,26.790657753475298,7
2023-01-03 11:50:00,Zone 6,5.542800653749078,23.98402930753629,4
2023-01-03 12:00:00,Zone 3,4.804530487830952,47.24426176650348,2
2023-01-03 12:10:00,Zone 3,24.93726778886773,74.77989113945411,4
2023-01-03 12:20:00,Zone 8,-5.944408948157695,71.36459559406427,5
2023-01-03 12:30:00,Zone 9,-0.9930832195162473,92.76013954030749,7
2023-01-03 12:40:00,Zone 2,-1.6846532843536615,48.062860794561104,10
2023-01-03 12:50:00,Zone 1,6.194665906881571,68.09521998847492,1
2023-01-03 13:00:00,Zone 1,24.64611049284087,30.717506298507935,2
2023-01-03 13:10:00,Zone 8,22.67879916151172,66.02589589178544,8
2023-01-03 13:20:00,Zone 10,1.5914572516803975,60.094107945737235,3
2023-01-03 13:30:00,Zone 2,21.317063669443517,37.840547495159115,6
2023-01-03 13:40:00,Zone 7,39.0842899951091,72.61747616879502,9
2023-01-03 13:50:00,Zone 8,2.0149026404976045,75.37320659799796,2
2023-01-03 14:00:00,Zone 1,19.805928149961343,31.80864939785602,8
2023-01-03 14:10:00,Zone 2,6.950438932692137,68.71954652163312,1
2023-01-03 14:20:00,Zone 1,27.88823111234315,77.2044637489997,5
2023-01-03 14:30:00,Zone 7,-5.3508385849052456,54.92215709009746,6
2023-01-03 14:40:00,Zone 10,36.609916437254434,92.95592100346236,10
2023-01-03 14:50:00,Zone 7,11.461178900999407,22.2245024094125,8
2023-01-03 15:00:00,Zone 7,31.37509023872954,47.609654855801146,2
2023-01-03 15:10:00,Zone 8,24.626836049524897,36.28818323183661,7
2023-01-03 15:20:00,Zone 3,16.66849358392311,32.545630684556244,7
2023-01-03 15:30:00,Zone 1,5.181378614022329,62.279970275921634,9
2023-01-03 15:40:00,Zone 1,-8.264119199371397,24.625442717634797,8
2023-01-03 15:50:00,Zone 7,-3.1335261367625016,86.65196970541206,3
2023-01-03 16:00:00,Zone 2,32.38457982200084,95.42209398148617,6
2023-01-03 16:10:00,Zone 3,7.219857423329955,81.68710182431725,8
2023-01-03 16:20:00,Zone 2,27.524767129672313,34.71881719161268,8
2023-01-03 16:30:00,Zone 5,12.396711373322013,95.05600069706814,4
2023-01-03 16:40:00,Zone 4,5.358565623227694,96.28861150755597,3
2023-01-03 16:50:00,Zone 4,33.29305239229327,22.220127978319873,8
2023-01-03 17:00:00,Zone 9,28.421233829260323,90.67487920949402,3
2023-01-03 17:10:00,Zone 4,24.161812237179277,40.82539363164244,4
2023-01-03 17:20:00,Zone 7,-3.6224318093674572,69.26435577767742,1
2023-01-03 17:30:00,Zone 5,-2.0218410647417384,56.76071154678179,1
2023-01-03 17:40:00,Zone 2,15.60161371168914,75.32982866669937,6
2023-01-03 17:50:00,Zone 10,39.429475057778426,23.838758854912694,7
2023-01-03 18:00:00,Zone 3,31.761853569303348,45.369363293176505,5
2023-01-03 18:10:00,Zone 1,36.288632062619044,28.071169321554397,2
2023-01-03 18:20:00,Zone 7,20.85714035491399,98.95102862143135,3
2023-01-03 18:30:00,Zone 4,16.508227947320723,31.472290954242162,5
2023-01-03 18:40:00,Zone 9,7.082220028159405,76.1743469486253,4
2023-01-03 18:50:00,Zone 2,5.285500548544945,99.51468252574541,8
2023-01-03 19:00:00,Zone 9,19.619923368394964,43.58370614200139,10
2023-01-03 19:10:00,Zone 1,34.77907521121642,74.85642247794107,10
2023-01-03 19:20:00,Zone 9,-7.672861966394992,91.19582358653717,9
2023-01-03 19:30:00,Zone 4,3.8479728956554524,92.67609249879675,2
2023-01-03 19:40:00,Zone 7,20.51856541124086,46.12044310080062,2
2023-01-03 19:50:00,Zone 1,0.9482165126180586,88.01032308220678,8
2023-01-03 20:00:00,Zone 9,9.72539627164684,39.94525556329432,9
2023-01-03 20:10:00,Zone 2,-4.5572877614949014,24.17474853831143,4
2023-01-03 20:20:00,Zone 6,32.847548060976,95.01527721003156,3
2023-01-03 20:30:00,Zone 6,0.9492454423468448,56.66520679725174,5
2023-01-03 20:40:00,Zone 8,9.979987677273847,58.48947623967389,9
2023-01-03 20:50:00,Zone 7,25.315096899809745,71.25295053139463,7
2023-01-03 21:00:00,Zone 9,32.46893107074853,34.823711905520184,10
2023-01-03 21:10:00,Zone 1,38.22003035277515,73.12230774009794,3
2023-01-03 21:20:00,Zone 2,7.067192055176903,83.49006221680452,3
2023-01-03 21:30:00,Zone 5,3.4398182571294704,46.08394178851107,9
2023-01-03 21:40:00,Zone 5,39.91603171399363,23.581581120072876,5
2023-01-03 21:50:00,Zone 3,-4.334116618114555,37.52583577810158,3
2023-01-03 22:00:00,Zone 8,28.92225291465879,36.12821325865427,8
2023-01-03 22:10:00,Zone 3,-1.2549467646542887,50.498025157275244,4
2023-01-03 22:20:00,Zone 1,19.76610373248716,94.72555147675605,5
2023-01-03 22:30:00,Zone 4,37.34859830261105,58.396920387625855,7
2023-01-03 22:40:00,Zone 6,-6.9274980139963045,68.53779145832762,6
2023-01-03 22:50:00,Zone 7,22.663269593443204,64.52766772963702,10
2023-01-03 23:00:00,Zone 1,19.337408008957276,54.511924223739086,7
2023-01-03 23:10:00,Zone 6,20.26787693814582,64.62711393936888,3
2023-01-03 23:20:00,Zone 3,29.072627665736107,62.82778426717255,6
2023-01-03 23:30:00,Zone 4,-7.699310227075964,86.8709525195195,2
2023-01-03 23:40:00,Zone 1,19.7078466999766,46.12820238356791,5
2023-01-03 23:50:00,Zone 8,24.99610352757881,75.42373636073484,7
2023-01-04 00:00:00,Zone 6,30.082923056238144,86.15582036280253,4
2023-01-04 00:10:00,Zone 10,14.048277139657522,31.207461678225226,3
2023-01-04 00:20:00,Zone 4,-2.3438953809586742,84.28340925958906,5
2023-01-04 00:30:00,Zone 8,19.592140089807707,74.17244249237694,8
2023-01-04 00:40:00,Zone 3,23.56810490851474,78.07027013839806,8
2023-01-04 00:50:00,Zone 1,37.16082427271439,93.00894992071598,7
2023-01-04 01:00:00,Zone 6,-7.185063158405416,40.11255439540622,9
2023-01-04 01:10:00,Zone 1,20.261716783238583,57.819359959892644,7
2023-01-04 01:20:00,Zone 4,-8.937740130386409,57.828995645353416,8
2023-01-04 01:30:00,Zone 5,-1.7538389246101325,45.10356079812263,7
2023-01-04 01:40:00,Zone 9,-5.099155277865227,91.15501645658927,3
2023-01-04 01:50:00,Zone 3,16.79387480581606,69.53960860404098,3
2023-01-04 02:00:00,Zone 1,25.538513867362767,64.93948847675411,1
2023-01-04 02:10:00,Zone 8,5.08727242783648,30.60749989815667,8
2023-01-04 02:20:00,Zone 5,20.674598083074724,51.7715741545258,4
2023-01-04 02:30:00,Zone 6,-3.813440500893708,85.23539857508553,1
2023-01-04 02:40:00,Zone 2,-6.127765948963628,93.81169159377579,9
2023-01-04 02:50:00,Zone 3,2.3978182434120843,62.65625858718301,3
2023-01-04 03:00:00,Zone 7,19.003993460063963,46.388484109719535,7
2023-01-04 03:10:00,Zone 10,-5.115925489845404,68.44141392427358,1
2023-01-04 03:20:00,Zone 8,17.329817514264032,36.071670509136936,4
2023-01-04 03:30:00,Zone 10,20.29702038131813,64.27309755113933,8
2023-01-04 03:40:00,Zone 5,16.97117483531306,31.828120483662765,7
2023-01-04 03:50:00,Zone 2,13.154150959984289,52.73795234995802,2
2023-01-04 04:00:00,Zone 5,-0.5875849966131579,25.815124173395716,1
2023-01-04 04:10:00,Zone 8,5.948524202534763,77.28810953917139,8
2023-01-04 04:20:00,Zone 7,34.73176165816908,95.74910007329918,1
2023-01-04 04:30:00,Zone 8,-4.816452608265378,62.69562963619015,4
2023-01-04 04:40:00,Zone 9,-1.2874103310510776,91.21820480150934,7
2023-01-04 04:50:00,Zone 10,-4.0252463277542585,78.76203858576605,1
2023-01-04 05:00:00,Zone 6,29.634145092950625,42.503397445749016,2
2023-01-04 05:10:00,Zone 5,-6.578723001011923,58.366251227417216,5
2023-01-04 05:20:00,Zone 9,2.4818468831183633,23.49359860056967,7
2023-01-04 05:30:00,Zone 3,28.782637288273584,44.07389396137027,7
2023-01-04 05:40:00,Zone 4,10.862293481799952,84.74448119551589,4
2023-01-04 05:50:00,Zone 1,29.973057747627948,41.005099664407965,1
2023-01-04 06:00:00,Zone 3,28.928098971649888,20.12737787803455,10
2023-01-04 06:10:00,Zone 6,33.72212282855182,48.14933665849969,1
2023-01-04 06:20:00,Zone 8,23.101842207845635,48.4868756949248,6
2023-01-04 06:30:00,Zone 4,12.039158073078845,82.62126514606477,9
2023-01-04 06:40:00,Zone 10,25.482481632962767,77.12312142767234,5
2023-01-04 06:50:00,Zone 8,6.857328228970992,37.34390340778421,7
2023-01-04 07:00:00,Zone 5,7.771096851110684,76.68688312540509,3
2023-01-04 07:10:00,Zone 9,16.148340450854217,77.07390302786686,8
2023-01-04 07:20:00,Zone 4,-1.9560925077612996,65.8975706642728,8
2023-01-04 07:30:00,Zone 8,14.325783716259934,80.00553651992264,2
2023-01-04 07:40:00,Zone 8,8.169480417416821,82.12255297190735,8
2023-01-04 07:50:00,Zone 9,14.458824594658491,43.539154424332196,2
2023-01-04 08:00:00,Zone 6,25.154931462415085,73.71092804256992,7
2023-01-04 08:10:00,Zone 2,36.66466139203282,95.59104040924808,8
2023-01-04 08:20:00,Zone 8,4.207347209708644,71.92017461931182,8
2023-01-04 08:30:00,Zone 7,-6.694675980637646,74.20542287390685,6
2023-01-04 08:40:00,Zone 8,27.43989569119629,85.3910568123944,10
2023-01-04 08:50:00,Zone 1,15.792209491052688,75.7754695772885,5
2023-01-04 09:00:00,Zone 8,31.31181623054257,27.915158442865902,3
2023-01-04 09:10:00,Zone 9,-5.952568818518891,21.798538220545627,7
2023-01-04 09:20:00,Zone 7,17.70558289804511,69.30384441063951,2
2023-01-04 09:30:00,Zone 6,-5.461423439350096,44.88995945255533,1
2023-01-04 09:40:00,Zone 2,2.197425277354041,40.2624429815155,3
2023-01-04 09:50:00,Zone 2,16.906544616222945,46.2378446859637,8
2023-01-04 10:00:00,Zone 4,19.853792131495233,38.58849692589652,9
2023-01-04 10:10:00,Zone 1,10.317086777211173,28.37305489828788,3
2023-01-04 10:20:00,Zone 10,16.4408849617826,88.50685736862333,9
2023-01-04 10:30:00,Zone 9,14.719473954626974,29.183241518817216,5
2023-01-04 10:40:00,Zone 10,-8.856101684803155,76.93176898752347,3
2023-01-04 10:50:00,Zone 2,37.32017603373457,73.10851277381809,4
2023-01-04 11:00:00,Zone 3,-9.289439931237256,43.58783450946139,6
2023-01-04 11:10:00,Zone 7,12.5835395216182,20.234968762547297,5
2023-01-04 11:20:00,Zone 3,13.721564054890226,66.78659231119629,8
2023-01-04 11:30:00,Zone 7,24.005636305535837,25.6143100239764,4
2023-01-04 11:40:00,Zone 10,-9.994103743889406,58.335581727820376,1
2023-01-04 11:50:00,Zone 1,18.780162057464604,68.83333487895283,6
2023-01-04 12:00:00,Zone 2,5.242548861185995,43.993031607168064,4
2023-01-04 12:10:00,Zone 3,28.866001318810447,68.04810054734259,5
2023-01-04 12:20:00,Zone 5,36.31001714238138,41.2062045365819,3
2023-01-04 12:30:00,Zone 2,29.063126263167838,62.56678961464742,5
2023-01-04 12:40:00,Zone 8,36.0025788049754,91.99187280076094,2
2023-01-04 12:50:00,Zone 4,29.56385914462505,93.40589910139587,9
2023-01-04 13:00:00,Zone 10,2.6769105231999752,39.78253438601023,3
2023-01-04 13:10:00,Zone 9,10.247564254151552,41.227498232167854,2
2023-01-04 13:20:00,Zone 7,13.802204848953,74.12479728548804,7
2023-01-04 13:30:00,Zone 8,33.33675391342038,68.45091962544961,3
2023-01-04 13:40:00,Zone 7,28.62995105473871,68.26681669731244,4
2023-01-04 13:50:00,Zone 7,18.04386893744114,38.42809774480018,6
2023-01-04 14:00:00,Zone 7,7.72221276606323,66.81523413293687,10
2023-01-04 14:10:00,Zone 8,-7.193439620712868,75.5504417347612,10
2023-01-04 14:20:00,Zone 1,-4.875151492345555,84.28995864335478,6
2023-01-04 14:30:00,Zone 8,12.57287449697451,62.73641635479767,10
2023-01-04 14:40:00,Zone 7,18.981286226163732,34.42148878898432,6
2023-01-04 14:50:00,Zone 5,21.90717654009872,31.159273594691655,3
2023-01-04 15:00:00,Zone 3,11.752454079840604,62.17972735262296,6
2023-01-04 15:10:00,Zone 2,-1.078700184999029,33.35125593961582,5
2023-01-04 15:20:00,Zone 9,23.186049420320373,93.88984979602742,10
2023-01-04 15:30:00,Zone 7,7.258716860297881,39.28962294783139,1
2023-01-04 15:40:00,Zone 6,-9.192801370241106,61.15604817560129,8
2023-01-04 15:50:00,Zone 8,32.53614855326169,60.954994669778166,6
2023-01-04 16:00:00,Zone 7,13.009631825993605,70.9224132949071,6
2023-01-04 16:10:00,Zone 10,-2.09791778865124,42.44176819066631,6
2023-01-04 16:20:00,Zone 3,15.592473212201522,49.32055421167571,2
2023-01-04 16:30:00,Zone 5,-2.0251361144591495,21.94815337585501,10
2023-01-04 16:40:00,Zone 3,2.7835319233359,63.26936802135051,4
2023-01-04 16:50:00,Zone 5,-7.995659947312358,84.93775656842271,10
2023-01-04 17:00:00,Zone 8,-6.810904038127027,47.67787438602298,9
2023-01-04 17:10:00,Zone 3,15.04339224560556,64.11388728744726,5
2023-01-04 17:20:00,Zone 6,11.497278238236444,53.20644008077713,1
2023-01-04 17:30:00,Zone 4,29.208897522969963,75.65719373764985,10
2023-01-04 17:40:00,Zone 8,10.764877096826723,52.357306843892644,1
2023-01-04 17:50:00,Zone 3,-0.7775534163114415,72.80929753947049,9
2023-01-04 18:00:00,Zone 9,1.1571944752284988,71.10684518347259,10
2023-01-04 18:10:00,Zone 9,-2.193969806229842,75.95117520491627,6
2023-01-04 18:20:00,Zone 1,9.521782248700976,99.12195986480127,9
2023-01-04 18:30:00,Zone 6,14.113345208412028,55.20949230445984,6
2023-01-04 18:40:00,Zone 7,30.16691118222149,83.59113971931995,4
2023-01-04 18:50:00,Zone 2,33.74545258357743,36.04751684340363,4
2023-01-04 19:00:00,Zone 8,23.28967754260084,23.202468149515568,2
2023-01-04 19:10:00,Zone 10,14.438455583944823,62.31744741946238,7
2023-01-04 19:20:00,Zone 9,7.740787780624807,77.36618675584826,1
2023-01-04 19:30:00,Zone 9,16.98046680054192,35.46588293702237,6
2023-01-04 19:40:00,Zone 4,5.007158158977424,70.98984128726556,1
2023-01-04 19:50:00,Zone 4,32.662792155990864,48.349426169236594,3
2023-01-04 20:00:00,Zone 2,1.2541614039427582,68.74469229010171,2
2023-01-04 20:10:00,Zone 1,34.671008889710336,42.27375536384483,8
2023-01-04 20:20:00,Zone 7,20.64680126399531,90.42896838854683,10
2023-01-04 20:30:00,Zone 7,2.3535445520461966,56.06151653069712,6
2023-01-04 20:40:00,Zone 5,4.7278168431891725,83.67199851321249,6
2023-01-04 20:50:00,Zone 9,27.116949284941292,89.1967635385638,6
2023-01-04 21:00:00,Zone 4,11.484889819823593,96.32235072822328,9
2023-01-04 21:10:00,Zone 2,36.825431821325836,35.095850768489555,10
2023-01-04 21:20:00,Zone 10,9.27421431848671,91.56664861460003,4
2023-01-04 21:30:00,Zone 1,3.92185407525351,52.39899105473434,6
2023-01-04 21:40:00,Zone 10,15.810229966293914,85.69177783042687,9
2023-01-04 21:50:00,Zone 3,7.211684896571374,78.7333315307144,4
2023-01-04 22:00:00,Zone 10,22.37458303527469,54.45790234511026,6
2023-01-04 22:10:00,Zone 7,6.211265866748203,94.9413638412785,1
2023-01-04 22:20:00,Zone 2,-9.937014877257468,25.932508860151387,4
2023-01-04 22:30:00,Zone 5,27.14863737237986,92.77916658394942,9
2023-01-04 22:40:00,Zone 8,17.953214460348015,39.3388370681411,7
2023-01-04 22:50:00,Zone 7,36.331945802881826,35.90202367610516,4
2023-01-04 23:00:00,Zone 8,7.7202640619042775,43.246151285587544,2
2023-01-04 23:10:00,Zone 8,15.24019298570266,26.277677514001667,8
2023-01-04 23:20:00,Zone 8,10.560328016450356,76.70392588418598,10
2023-01-04 23:30:00,Zone 8,-3.9788244498632075,75.25970694765468,7
2023-01-04 23:40:00,Zone 10,22.007737658297103,93.83083216557448,3
2023-01-04 23:50:00,Zone 4,-7.479684253230575,70.75537703197296,8
2023-01-05 00:00:00,Zone 2,24.598758376973436,49.97818694390369,5
2023-01-05 00:10:00,Zone 7,32.55480150411764,66.78350392686467,6
2023-01-05 00:20:00,Zone 3,3.588411076242041,32.33963521722512,7
2023-01-05 00:30:00,Zone 3,7.853376366671764,63.55563968018227,8
2023-01-05 00:40:00,Zone 1,23.1572631146461,95.99203628250238,4
2023-01-05 00:50:00,Zone 9,38.86367194280986,61.49651517717713,7
2023-01-05 01:00:00,Zone 9,-4.013479924391169,47.015383864008776,3
2023-01-05 01:10:00,Zone 2,-8.609639289849992,23.22172534459643,7
2023-01-05 01:20:00,Zone 4,-0.2855164911813777,73.70113952760497,6
2023-01-05 01:30:00,Zone 10,4.016046052446452,53.491641453176975,9
2023-01-05 01:40:00,Zone 6,1.7348930114075607,23.151459959327045,4
2023-01-05 01:50:00,Zone 1,31.233044778293184,90.96687893451818,6
2023-01-05 02:00:00,Zone 9,23.65645220183412,36.36891421465626,8
2023-01-05 02:10:00,Zone 3,7.4267299805644384,32.88055889866253,2
2023-01-05 02:20:00,Zone 2,38.0121565333728,76.90790365997229,5
2023-01-05 02:30:00,Zone 3,37.946290349790935,89.68461509078736,9
2023-01-05 02:40:00,Zone 7,-8.254820364640894,73.70428171324593,9
2023-01-05 02:50:00,Zone 2,10.84468649398007,89.01839095406152,3
2023-01-05 03:00:00,Zone 2,9.117008530379465,63.30467628002859,5
2023-01-05 03:10:00,Zone 10,25.72155769964268,47.13308074775619,5
2023-01-05 03:20:00,Zone 8,6.364750912891967,26.835931801636043,8
2023-01-05 03:30:00,Zone 5,16.951015731571022,36.55676055456547,5
2023-01-05 03:40:00,Zone 5,-8.943942051809108,21.331734751197526,8
2023-01-05 03:50:00,Zone 4,14.787590593703541,55.04024329519807,1
2023-01-05 04:00:00,Zone 10,5.430372679630228,68.1272784573429,9
2023-01-05 04:10:00,Zone 10,-8.96146714594239,99.31988463523695,8
2023-01-05 04:20:00,Zone 10,2.509949907636198,32.48616145005311,3
2023-01-05 04:30:00,Zone 2,19.482357665965676,72.71607583526475,6
2023-01-05 04:40:00,Zone 3,11.819951218420048,89.61306209111368,3
2023-01-05 04:50:00,Zone 10,-8.983900169890749,95.49971880943468,6
2023-01-05 05:00:00,Zone 10,6.679873184863386,99.95187318230384,9
2023-01-05 05:10:00,Zone 2,20.787645216764126,60.62928594899435,2
2023-01-05 05:20:00,Zone 8,3.1333078133561045,80.82791174424923,6
2023-01-05 05:30:00,Zone 2,-2.4296037295453123,97.52180007993312,7
2023-01-05 05:40:00,Zone 9,-2.8607746659756543,54.19570169410641,1
2023-01-05 05:50:00,Zone 9,-9.728170965268713,30.51338690227027,1
2023-01-05 06:00:00,Zone 6,21.736604564483173,52.24937607141601,1
2023-01-05 06:10:00,Zone 5,6.586421239786063,69.53232690734264,7
2023-01-05 06:20:00,Zone 9,37.542198941689115,99.34147499350733,10
2023-01-05 06:30:00,Zone 7,34.61394759853205,21.792546734967758,2
2023-01-05 06:40:00,Zone 5,22.52847434651654,69.76401655770641,3
2023-01-05 06:50:00,Zone 7,-6.8506663267515275,93.15392149294013,6
2023-01-05 07:00:00,Zone 6,18.2196519894424,66.98597662239432,2
2023-01-05 07:10:00,Zone 3,-2.117736947207879,64.54250338001972,10
2023-01-05 07:20:00,Zone 3,32.46559860916989,43.152554946835565,6
2023-01-05 07:30:00,Zone 2,-9.982988830155007,20.526633436019537,6
2023-01-05 07:40:00,Zone 9,17.91966966891337,30.219382633439096,3
2023-01-05 07:50:00,Zone 10,7.167191022191169,65.4837764280028,8
2023-01-05 08:00:00,Zone 9,-9.76403509360176,30.07265134258877,1
2023-01-05 08:10:00,Zone 2,1.5127881273530406,96.5788513222934,10
2023-01-05 08:20:00,Zone 10,16.072150483772592,33.99084771895168,9
2023-01-05 08:30:00,Zone 2,24.42665860933341,38.95287811923288,9
2023-01-05 08:40:00,Zone 10,23.90581460215129,87.54549273657814,10
2023-01-05 08:50:00,Zone 6,3.3757094481955328,32.12960283636144,8
2023-01-05 09:00:00,Zone 3,21.091082788646585,74.30760759932774,3
2023-01-05 09:10:00,Zone 1,25.466425640361884,48.53756130683902,4
2023-01-05 09:20:00,Zone 6,1.7573679157511162,85.36103938013427,8
2023-01-05 09:30:00,Zone 9,-4.864620195611948,64.6565805811451,4
2023-01-05 09:40:00,Zone 9,8.883276453579356,36.710479065598356,3
2023-01-05 09:50:00,Zone 3,38.694414329086506,46.83866191984043,5
2023-01-05 10:00:00,Zone 9,6.850157584277621,82.13395170376387,2
2023-01-05 10:10:00,Zone 3,4.716677385857075,84.99327837776133,8
2023-01-05 10:20:00,Zone 2,-0.7059511710432744,20.089429833417086,8
2023-01-05 10:30:00,Zone 5,-6.176399191948492,81.46719077983954,8
2023-01-05 10:40:00,Zone 9,6.113616343033293,44.89668045135119,9
2023-01-05 10:50:00,Zone 3,-8.776166340306542,29.80293461682603,3
2023-01-05 11:00:00,Zone 7,20.05469628676992,92.69759201797345,8
2023-01-05 11:10:00,Zone 9,30.51930237457389,94.74820046317593,4
2023-01-05 11:20:00,Zone 8,-8.175567205716007,27.026595365225255,7
2023-01-05 11:30:00,Zone 6,17.040636188971646,32.80356924592833,10
2023-01-05 11:40:00,Zone 2,2.833452404837221,51.01959965954563,4
2023-01-05 11:50:00,Zone 5,15.253195754228706,40.927703160853,9
2023-01-05 12:00:00,Zone 10,6.4575964395593815,45.492600216482124,2
2023-01-05 12:10:00,Zone 9,8.802199858039003,64.5782401450469,9
2023-01-05 12:20:00,Zone 4,17.72939689870651,73.77571307276261,4
2023-01-05 12:30:00,Zone 3,18.8140867104628,91.63906742071549,4
2023-01-05 12:40:00,Zone 9,27.913084370272443,68.72386032006261,6
2023-01-05 12:50:00,Zone 7,8.436326138646209,54.49029568172284,8
2023-01-05 13:00:00,Zone 5,1.7987594152773934,55.784909394185924,9
2023-01-05 13:10:00,Zone 6,37.331376898539524,95.51739440667346,3
2023-01-05 13:20:00,Zone 2,19.513554342935542,39.8229983462737,9
2023-01-05 13:30:00,Zone 3,-3.281676162542132,57.37403154572486,2
2023-01-05 13:40:00,Zone 5,19.858270660209403,91.28440427154412,1
2023-01-05 13:50:00,Zone 3,19.479257935776225,86.36355501080894,2
2023-01-05 14:00:00,Zone 3,28.250272513340626,21.317361997374107,3
2023-01-05 14:10:00,Zone 9,27.99421521439568,20.80873649449627,7
2023-01-05 14:20:00,Zone 9,30.88259456124385,84.50663830128403,8
2023-01-05 14:30:00,Zone 8,12.469320377547469,75.38939444163779,3
2023-01-05 14:40:00,Zone 7,3.6401372614775145,50.34213800390097,6
2023-01-05 14:50:00,Zone 1,34.79131076365155,98.86572345570164,7
2023-01-05 15:00:00,Zone 1,17.74435186219201,39.59019989610256,9
2023-01-05 15:10:00,Zone 4,4.5463207701479575,49.47882512456918,1
2023-01-05 15:20:00,Zone 8,20.61524132504172,64.23471210958928,8
2023-01-05 15:30:00,Zone 1,22.377893397427762,68.23372637847854,10
2023-01-05 15:40:00,Zone 6,-1.632861943992694,86.91382010676398,10
2023-01-05 15:50:00,Zone 8,16.01542508216099,35.029592617649605,4
2023-01-05 16:00:00,Zone 1,29.79409540183665,94.22833209763101,10
2023-01-05 16:10:00,Zone 5,30.21221573238013,48.62913080450963,10
2023-01-05 16:20:00,Zone 1,10.03931107634806,44.842927249274574,8
2023-01-05 16:30:00,Zone 10,25.718022125857892,58.89546724112485,5
2023-01-05 16:40:00,Zone 4,4.019674090702239,88.07735052437923,10
2023-01-05 16:50:00,Zone 3,34.20214005437889,89.90709320082556,10
2023-01-05 17:00:00,Zone 8,4.555891701703954,78.2491330687068,1
2023-01-05 17:10:00,Zone 2,21.102876341975083,64.45373638119221,7
2023-01-05 17:20:00,Zone 3,11.616874849653904,20.76019751138763,6
2023-01-05 17:30:00,Zone 1,9.958308690678383,31.133785902943487,2
2023-01-05 17:40:00,Zone 1,21.777994225688218,31.298760687401366,9
2023-01-05 17:50:00,Zone 1,34.11722547859369,97.37299531419937,6
2023-01-05 18:00:00,Zone 8,34.10717771961778,32.87617044537004,9
2023-01-05 18:10:00,Zone 9,7.744374867466512,79.15692949356901,6
2023-01-05 18:20:00,Zone 2,2.997217113756033,90.29702317300304,4
2023-01-05 18:30:00,Zone 7,6.1028121467555,82.28937238373422,2
2023-01-05 18:40:00,Zone 7,-7.375389745218532,48.54743893099452,6
2023-01-05 18:50:00,Zone 3,4.234815149753622,30.92729183305849,7
2023-01-05 19:00:00,Zone 8,38.90750032063257,71.35794367718626,3
2023-01-05 19:10:00,Zone 1,30.99573442992233,67.5610922036127,4
2023-01-05 19:20:00,Zone 5,27.8469423749185,67.43157758944302,6
2023-01-05 19:30:00,Zone 9,7.689751468792458,99.98575511699167,4
2023-01-05 19:40:00,Zone 8,2.812496901241099,77.63810208924585,2
2023-01-05 19:50:00,Zone 3,22.20890477401386,84.73132336963893,10
2023-01-05 20:00:00,Zone 7,5.097952023962746,59.56760238296786,8
2023-01-05 20:10:00,Zone 7,3.330371048279277,76.94514591014655,9
2023-01-05 20:20:00,Zone 5,26.41923146322086,79.78753326360106,4
2023-01-05 20:30:00,Zone 2,8.038866996818431,50.10523970902042,1
2023-01-05 20:40:00,Zone 9,23.398362830287923,69.78088490334977,4
2023-01-05 20:50:00,Zone 8,9.067658011554368,70.43173469442229,3
2023-01-05 21:00:00,Zone 4,3.847788299014768,43.86351669307772,9
2023-01-05 21:10:00,Zone 6,34.753636615230164,61.926867642641454,1
2023-01-05 21:20:00,Zone 6,-0.1527335478823737,73.39742263718144,3
2023-01-05 21:30:00,Zone 5,-0.1555852026606992,85.53604696593942,7
2023-01-05 21:40:00,Zone 7,9.832001095676532,66.52375428681815,10
2023-01-05 21:50:00,Zone 3,1.3118577835084508,75.42830504859606,8
2023-01-05 22:00:00,Zone 8,2.8218878172356945,24.046360509419156,3
2023-01-05 22:10:00,Zone 7,28.74395196557095,37.60765157372962,5
2023-01-05 22:20:00,Zone 6,19.574574495854012,71.8857129204052,8
2023-01-05 22:30:00,Zone 4,2.942427233125187,46.593259740787474,5
2023-01-05 22:40:00,Zone 2,-7.579309180518053,47.765503003258544,1
2023-01-05 22:50:00,Zone 9,27.39150489204112,41.72470820695856,3
2023-01-05 23:00:00,Zone 1,11.498779711070558,83.18020173971058,6
2023-01-05 23:10:00,Zone 10,-2.1420923618502528,94.58237213812734,10
2023-01-05 23:20:00,Zone 4,14.196123395413267,44.484974537488824,9
2023-01-05 23:30:00,Zone 2,35.841312989825525,84.86175064144805,8
2023-01-05 23:40:00,Zone 5,29.26090584492986,24.777704748207547,10
2023-01-05 23:50:00,Zone 3,-1.1004974179687288,59.22118160447052,8
2023-01-06 00:00:00,Zone 7,37.69707422642997,40.097036478847514,8
2023-01-06 00:10:00,Zone 2,7.4792754311132725,44.574606372890955,4
2023-01-06 00:20:00,Zone 3,39.537504202907215,80.09937199216733,10
2023-01-06 00:30:00,Zone 4,36.179553701708585,58.35949670426626,8
2023-01-06 00:40:00,Zone 7,22.67802588291012,49.72619220280962,3
2023-01-06 00:50:00,Zone 3,0.9262378153301363,91.6171829975916,7
2023-01-06 01:00:00,Zone 8,-6.919119156977185,86.74244815914362,10
2023-01-06 01:10:00,Zone 6,23.066341431697424,29.550535449631248,10
2023-01-06 01:20:00,Zone 3,-2.763828495340955,30.042435477833127,7
2023-01-06 01:30:00,Zone 3,34.74280069892086,66.80546990403222,2
2023-01-06 01:40:00,Zone 9,37.616941176904966,65.98286467562588,6
2023-01-06 01:50:00,Zone 9,35.71881801842809,86.97275675915287,4
2023-01-06 02:00:00,Zone 7,-3.6941980409612523,57.376895819077724,3
2023-01-06 02:10:00,Zone 5,38.04672760036278,93.97148710764115,2
2023-01-06 02:20:00,Zone 7,-4.202608205973565,90.59846856703618,8
2023-01-06 02:30:00,Zone 5,38.87113732323951,88.40788095716802,6
2023-01-06 02:40:00,Zone 8,16.60012283449046,43.43406993709223,10
2023-01-06 02:50:00,Zone 2,25.19215172736247,70.91220087662393,5
2023-01-06 03:00:00,Zone 10,7.359550335911571,99.58586420422873,1
2023-01-06 03:10:00,Zone 3,-9.895397319404717,46.60264493236225,8
2023-01-06 03:20:00,Zone 6,-9.859942457850288,89.03428880962652,6
2023-01-06 03:30:00,Zone 9,35.23771699761052,36.4025903646024,7
2023-01-06 03:40:00,Zone 1,2.013357640338624,33.798574674273674,5
2023-01-06 03:50:00,Zone 8,-6.979618843427878,99.42595616913339,5
2023-01-06 04:00:00,Zone 1,-5.122630757951882,87.53028665384066,3
2023-01-06 04:10:00,Zone 8,3.7540606662148566,33.74114882752673,10
2023-01-06 04:20:00,Zone 4,17.50066673275003,49.99691361354175,2
2023-01-06 04:30:00,Zone 10,19.901575098784622,90.03884655677791,7
2023-01-06 04:40:00,Zone 9,31.870298925877123,22.024399526461707,8
2023-01-06 04:50:00,Zone 9,13.69290746236599,33.52713611783143,1
2023-01-06 05:00:00,Zone 1,-5.815481274114816,48.20044949961594,5
2023-01-06 05:10:00,Zone 6,22.07158556693212,36.60067198637313,7
2023-01-06 05:20:00,Zone 2,10.488204007530577,83.50224881020945,9
2023-01-06 05:30:00,Zone 10,21.870516780558717,95.82311432476625,2
2023-01-06 05:40:00,Zone 3,3.170054077316756,82.65943320447943,3
2023-01-06 05:50:00,Zone 1,-2.9081885784890815,55.02148344862065,6
2023-01-06 06:00:00,Zone 7,32.697368597636626,71.95885393119165,3
2023-01-06 06:10:00,Zone 9,34.288656221201016,67.2788371442139,10
2023-01-06 06:20:00,Zone 6,22.519577701770977,62.07635054787028,8
2023-01-06 06:30:00,Zone 6,-6.307040553478046,86.62443555615286,2
2023-01-06 06:40:00,Zone 10,16.606618453968782,92.20749734948612,7
2023-01-06 06:50:00,Zone 10,-2.322125851891551,97.57048834479859,4
2023-01-06 07:00:00,Zone 5,-1.3289725941917823,47.55616086472463,9
2023-01-06 07:10:00,Zone 7,9.084646599796827,45.88729323937044,5
2023-01-06 07:20:00,Zone 7,-2.6943144332589846,73.81025657771397,10
2023-01-06 07:30:00,Zone 9,1.4578983833590655,35.16859340537533,9
2023-01-06 07:40:00,Zone 7,-8.848566948742834,95.50504274241773,6
2023-01-06 07:50:00,Zone 8,31.49254546462037,42.84903423017126,5
2023-01-06 08:00:00,Zone 9,7.810098052218866,93.52834290528959,10
2023-01-06 08:10:00,Zone 5,38.97525127188768,73.39967621902453,10
2023-01-06 08:20:00,Zone 8,10.200115671886532,76.90688488824665,4
2023-01-06 08:30:00,Zone 6,28.448378974014837,92.7535729548558,7
2023-01-06 08:40:00,Zone 6,34.92848663570549,54.88968439912603,8
2023-01-06 08:50:00,Zone 2,16.270258348879512,51.351865688570044,1
2023-01-06 09:00:00,Zone 6,3.7242687488859314,33.544940194219386,8
2023-01-06 09:10:00,Zone 10,20.02467982055815,96.4019391656328,3
2023-01-06 09:20:00,Zone 10,32.151055670695634,73.32039452824907,7
2023-01-06 09:30:00,Zone 9,37.34120607953941,69.1039901681819,10
2023-01-06 09:40:00,Zone 6,15.233778877255325,52.69990721167024,1
2023-01-06 09:50:00,Zone 7,11.81472444529128,22.31825076520319,1
2023-01-06 10:00:00,Zone 5,-4.604177624298336,55.90721657997329,7
2023-01-06 10:10:00,Zone 5,-6.380018790136434,65.14332675184127,3
2023-01-06 10:20:00,Zone 7,20.917840695823745,73.16135004613564,3
2023-01-06 10:30:00,Zone 5,37.43233729186432,66.83475834090427,5
2023-01-06 10:40:00,Zone 7,9.05862072106795,36.06106470118342,9
2023-01-06 10:50:00,Zone 5,2.2371836205094837,79.90361947778578,6
2023-01-06 11:00:00,Zone 2,-4.040633094632292,22.014614252760314,6
2023-01-06 11:10:00,Zone 10,-0.4879947013851158,91.43038210053572,5
2023-01-06 11:20:00,Zone 9,25.877605465873877,61.0868283087887,1
2023-01-06 11:30:00,Zone 5,10.399574859009174,21.477170143129705,1
2023-01-06 11:40:00,Zone 3,-2.1286301428639876,89.97299881734678,2
2023-01-06 11:50:00,Zone 5,13.70475857489842,32.09525592023606,9
2023-01-06 12:00:00,Zone 8,22.543284209084113,94.37035982909107,10
2023-01-06 12:10:00,Zone 10,-3.880459738999688,69.3850459101333,2
2023-01-06 12:20:00,Zone 6,-0.3438530628740022,54.67088982969848,9
2023-01-06 12:30:00,Zone 7,6.774976081473014,72.06730798256777,6
2023-01-06 12:40:00,Zone 6,24.908460907614383,34.244581734452,4
2023-01-06 12:50:00,Zone 2,3.410514293044601,98.9407575533579,4
2023-01-06 13:00:00,Zone 7,19.88426964623635,98.17697360460095,8
2023-01-06 13:10:00,Zone 9,-7.696661260091172,38.56237868733573,9
2023-01-06 13:20:00,Zone 5,37.34451515407141,95.75207830879117,1
2023-01-06 13:30:00,Zone 2,18.866683728246915,67.80597521621058,9
2023-01-06 13:40:00,Zone 6,31.095986175408342,42.79853121013989,4
2023-01-06 13:50:00,Zone 2,-7.4292397352964805,88.18620222145776,9
2023-01-06 14:00:00,Zone 4,36.68158552321265,21.488659259942622,1
2023-01-06 14:10:00,Zone 8,29.038719624597732,35.823432676320095,4
2023-01-06 14:20:00,Zone 5,1.6127667506105539,64.09650975693017,10
2023-01-06 14:30:00,Zone 1,2.4149109252264864,85.39970253560912,3
2023-01-06 14:40:00,Zone 4,20.217142670501424,43.59762541841741,6
2023-01-06 14:50:00,Zone 2,18.416032040195045,53.61632509825935,7
2023-01-06 15:00:00,Zone 3,-0.5197807733434843,84.79230726104716,9
2023-01-06 15:10:00,Zone 1,7.270944227787137,95.68227961520864,4
2023-01-06 15:20:00,Zone 8,-7.8761547010567,32.278393442810625,6
2023-01-06 15:30:00,Zone 9,38.86246256965046,52.44029632967653,1
2023-01-06 15:40:00,Zone 6,7.251150781586087,20.729073314430728,3
2023-01-06 15:50:00,Zone 7,4.7911396959134915,27.928097092733772,4
2023-01-06 16:00:00,Zone 5,35.178210064679966,39.82338808204989,5
2023-01-06 16:10:00,Zone 5,22.495058341532108,81.56787463371656,10
2023-01-06 16:20:00,Zone 7,4.524612214210281,20.871549456402796,10
2023-01-06 16:30:00,Zone 9,33.53981955654949,27.96459770465166,9
2023-01-06 16:40:00,Zone 6,-0.010481167464085672,36.45600949186651,6
2023-01-06 16:50:00,Zone 8,-7.754336376244017,21.688136229068398,8
2023-01-06 17:00:00,Zone 8,-8.611256029717815,94.28542731930887,2
2023-01-06 17:10:00,Zone 8,4.225909818343673,49.91400633211646,9
2023-01-06 17:20:00,Zone 4,-7.866517349262555,88.27667135740766,8
2023-01-06 17:30:00,Zone 6,16.945842985684365,41.04559024610266,9
2023-01-06 17:40:00,Zone 8,-6.157196275676371,71.9761891909608,2
2023-01-06 17:50:00,Zone 4,10.412469528841033,51.521243959338065,6
2023-01-06 18:00:00,Zone 5,19.83929650879421,54.0661421974134,9
2023-01-06 18:10:00,Zone 2,10.515489472278759,31.390336919043847,5
2023-01-06 18:20:00,Zone 10,24.914409819783124,41.667163144398444,5
2023-01-06 18:30:00,Zone 4,-5.282201244430542,21.203491397821708,9
2023-01-06 18:40:00,Zone 5,-0.23841461243407025,51.12709745652541,10
2023-01-06 18:50:00,Zone 4,17.33774657097004,54.978246180312254,4
2023-01-06 19:00:00,Zone 7,6.674384241769637,29.0834979372464,2
2023-01-06 19:10:00,Zone 6,26.356277401855863,69.90702308070153,5
2023-01-06 19:20:00,Zone 6,18.221653018543837,34.56887072000744,10
2023-01-06 19:30:00,Zone 7,-8.439157212195772,38.86133172103145,3
2023-01-06 19:40:00,Zone 8,13.946918843437825,58.91116204551449,5
2023-01-06 19:50:00,Zone 6,32.38008530834421,62.38193758218373,1
2023-01-06 20:00:00,Zone 5,21.776777701647646,83.77545407859989,9
2023-01-06 20:10:00,Zone 10,9.921590381902952,54.34035673205939,7
2023-01-06 20:20:00,Zone 4,23.435970672226254,53.21317046001575,9
2023-01-06 20:30:00,Zone 2,-2.880225085517737,84.38217430011743,3
2023-01-06 20:40:00,Zone 7,30.42918712616055,57.12895979405998,9
2023-01-06 20:50:00,Zone 7,37.766622782815375,35.24039861514397,7
2023-01-06 21:00:00,Zone 8,15.04972900290407,70.99287443294627,4
2023-01-06 21:10:00,Zone 9,5.935535940652008,65.5261941478187,10
2023-01-06 21:20:00,Zone 5,9.258956642595727,68.79645079869022,10
2023-01-06 21:30:00,Zone 7,-0.3756499324132161,84.80592324253503,5
2023-01-06 21:40:00,Zone 7,-0.28180133469195745,82.664731785462,8
2023-01-06 21:50:00,Zone 6,-6.206368679977344,58.08750957672474,7
2023-01-06 22:00:00,Zone 4,9.28043966246289,22.47023803464204,10
2023-01-06 22:10:00,Zone 2,-3.4418033285524308,69.53737493197814,4
2023-01-06 22:20:00,Zone 2,39.11883641535674,70.85328403884964,5
2023-01-06 22:30:00,Zone 1,28.630123487112854,42.88900737387798,2
2023-01-06 22:40:00,Zone 1,26.99438938439048,77.72852422111409,9
2023-01-06 22:50:00,Zone 4,20.429461593529222,71.74023712144242,2
2023-01-06 23:00:00,Zone 3,28.529686124178646,65.98237391333535,4
2023-01-06 23:10:00,Zone 3,32.49638419371353,74.22426750440079,5
2023-01-06 23:20:00,Zone 4,-4.441407369089952,90.8199618189424,1
2023-01-06 23:30:00,Zone 7,31.824388893280002,48.60482582952295,7
2023-01-06 23:40:00,Zone 4,5.200914965380308,91.52145477519296,4
2023-01-06 23:50:00,Zone 7,-1.1766785114211213,53.00913446838766,5
2023-01-07 00:00:00,Zone 7,-0.3206889005135345,43.906204564099056,7
2023-01-07 00:10:00,Zone 8,-6.3051090667503775,40.41531940974429,5
2023-01-07 00:20:00,Zone 9,-8.869518302382215,60.0667606230426,7
2023-01-07 00:30:00,Zone 2,18.319750410443806,50.96468298405942,1
2023-01-07 00:40:00,Zone 1,5.375334106171762,59.39269121041946,3
2023-01-07 00:50:00,Zone 9,-5.055121141635679,39.35582865626721,8
2023-01-07 01:00:00,Zone 8,20.374534059427027,43.97653999220215,4
2023-01-07 01:10:00,Zone 10,10.799666418234747,59.653388257807705,9
2023-01-07 01:20:00,Zone 2,8.90912034521116,28.111837637499455,10
2023-01-07 01:30:00,Zone 10,3.229828620413219,49.44371136326777,2
2023-01-07 01:40:00,Zone 4,6.976554451517412,94.15569373592206,8
2023-01-07 01:50:00,Zone 10,-7.190523996101769,79.29897030977745,7
2023-01-07 02:00:00,Zone 3,17.802965524005263,43.81672023412036,5
2023-01-07 02:10:00,Zone 6,3.4866224912857984,67.00579975239617,8
2023-01-07 02:20:00,Zone 10,9.2192078768112,31.71369749747963,10
2023-01-07 02:30:00,Zone 7,27.714431884042845,56.941928473033116,8
2023-01-07 02:40:00,Zone 2,12.873736527489928,38.7077540215754,4
2023-01-07 02:50:00,Zone 1,18.086043984963855,90.67323347032107,4
2023-01-07 03:00:00,Zone 10,-0.5592989817506577,88.06554978222235,7
2023-01-07 03:10:00,Zone 1,9.400827048673815,57.329632492243434,6
2023-01-07 03:20:00,Zone 4,5.081238727530193,61.47034362249685,6
2023-01-07 03:30:00,Zone 6,15.428711279896792,36.664369819710885,5
2023-01-07 03:40:00,Zone 3,24.8793723080311,46.805106351553995,5
2023-01-07 03:50:00,Zone 5,15.913786352852565,90.71434772107098,5
2023-01-07 04:00:00,Zone 4,12.73064897859619,68.72736349711182,9
2023-01-07 04:10:00,Zone 4,18.76641754588773,69.9581087477121,5
2023-01-07 04:20:00,Zone 4,12.483107129061136,92.46328769222981,7
2023-01-07 04:30:00,Zone 2,30.34177878962867,48.93677413722038,6
2023-01-07 04:40:00,Zone 5,8.754262458521907,81.93284067220318,8
2023-01-07 04:50:00,Zone 6,15.364021595377572,38.99613217392683,2
2023-01-07 05:00:00,Zone 4,11.824963438302134,95.06363518439719,1
2023-01-07 05:10:00,Zone 5,27.895735678853434,44.07133922205127,8
2023-01-07 05:20:00,Zone 9,19.48695400594878,74.17760440122663,8
2023-01-07 05:30:00,Zone 4,38.71037855818468,70.380206203926,5
2023-01-07 05:40:00,Zone 1,10.59044975909957,44.6857283191021,9
2023-01-07 05:50:00,Zone 8,27.806308993088017,70.85846087345061,3
2023-01-07 06:00:00,Zone 9,34.28221809086529,39.421717984441386,7
2023-01-07 06:10:00,Zone 7,-1.1113690778660832,45.938808463843245,6
2023-01-07 06:20:00,Zone 1,-3.9707573031040138,93.21342026833796,5
2023-01-07 06:30:00,Zone 2,25.558931734426118,73.17262693522389,3
2023-01-07 06:40:00,Zone 10,33.21780721731974,88.13860470326048,2
2023-01-07 06:50:00,Zone 7,28.719771070058705,56.13351923899714,4
2023-01-07 07:00:00,Zone 6,7.051410337660265,95.60158626402706,3
2023-01-07 07:10:00,Zone 8,11.551253429865703,50.39526438399845,2
2023-01-07 07:20:00,Zone 4,31.31690530989627,61.3488088026594,10
2023-01-07 07:30:00,Zone 6,9.420023506405286,68.71916744194215,10
2023-01-07 07:40:00,Zone 1,35.26573284874247,73.06791676479762,10
2023-01-07 07:50:00,Zone 3,3.608435397724106,97.7419013573501,4
2023-01-07 08:00:00,Zone 7,18.832783027646503,64.2583436079286,2
2023-01-07 08:10:00,Zone 6,34.40067315304129,48.29463756311504,3
2023-01-07 08:20:00,Zone 3,1.5297495040403604,39.58127281774296,1
2023-01-07 08:30:00,Zone 2,38.87274314821269,38.22475601730069,8
2023-01-07 08:40:00,Zone 6,27.77678048271622,79.83141390333546,8
2023-01-07 08:50:00,Zone 4,34.29983985676891,57.56393595940339,4
2023-01-07 09:00:00,Zone 7,5.630399966795295,34.47437998387279,8
2023-01-07 09:10:00,Zone 6,28.96154282249411,84.67423442692836,2
2023-01-07 09:20:00,Zone 4,29.940895479275227,66.26196830203938,8
2023-01-07 09:30:00,Zone 9,-9.58702058113278,84.84066110608963,8
2023-01-07 09:40:00,Zone 5,-7.562657320578172,24.348074942370754,1
2023-01-07 09:50:00,Zone 6,11.051479353989567,87.71561268853007,7
2023-01-07 10:00:00,Zone 9,-2.1899568167080634,68.50925448169693,4
2023-01-07 10:10:00,Zone 9,20.48748129882595,28.242225540433736,7
2023-01-07 10:20:00,Zone 4,-1.8728064305227363,62.40577184940656,1
2023-01-07 10:30:00,Zone 2,14.486320097995112,91.44483326654564,2
2023-01-07 10:40:00,Zone 10,39.56210782052206,37.554205573551926,4
2023-01-07 10:50:00,Zone 4,10.731732633927113,26.06738180909277,7
2023-01-07 11:00:00,Zone 6,0.7152839582385635,87.73345027217843,7
2023-01-07 11:10:00,Zone 8,-3.388633995707549,81.08360828680128,7
2023-01-07 11:20:00,Zone 8,36.06286717915896,28.79688374505114,9
2023-01-07 11:30:00,Zone 4,29.73003576762263,62.66449640054005,3
2023-01-07 11:40:00,Zone 6,19.466968109664215,82.38755817838543,10
2023-01-07 11:50:00,Zone 7,6.050172763433011,56.14571510432477,9
2023-01-07 12:00:00,Zone 9,-1.3380224644920364,80.31952334214756,6
2023-01-07 12:10:00,Zone 3,17.561368872281715,53.56670790584162,3
2023-01-07 12:20:00,Zone 6,-5.4674817423749875,32.215303980642574,1
2023-01-07 12:30:00,Zone 6,3.0246658167572633,31.658743950536284,4
2023-01-07 12:40:00,Zone 6,30.98394822142889,44.426629385734486,7
2023-01-07 12:50:00,Zone 6,37.30396942621964,95.55645950273104,9
2023-01-07 13:00:00,Zone 3,34.8887816844552,82.06594414611976,4
2023-01-07 13:10:00,Zone 8,7.1081179310380485,82.80957340536568,9
2023-01-07 13:20:00,Zone 2,3.6448886425452436,69.36423505942119,5
2023-01-07 13:30:00,Zone 5,-0.9113295132584938,97.53308273657076,2
2023-01-07 13:40:00,Zone 3,8.417442124766293,79.42131058592267,7
2023-01-07 13:50:00,Zone 2,21.43303843131779,81.07949663098822,7
2023-01-07 14:00:00,Zone 2,5.688563096289288,29.396523856755323,8
2023-01-07 14:10:00,Zone 10,23.972116703657726,48.95297054339461,6
2023-01-07 14:20:00,Zone 6,38.20101253162007,75.85981723240663,5
2023-01-07 14:30:00,Zone 2,-0.5859872999013263,26.000698984568018,10
2023-01-07 14:40:00,Zone 3,31.836535263203245,37.322872920553436,2
2023-01-07 14:50:00,Zone 7,-8.029211362394792,79.00589451394794,9
2023-01-07 15:00:00,Zone 3,13.633612412170972,97.55375187481997,9
2023-01-07 15:10:00,Zone 7,-8.606641104354775,36.782451718682026,8
2023-01-07 15:20:00,Zone 5,11.220767370179615,74.6041711980954,1
2023-01-07 15:30:00,Zone 6,33.53226263549261,52.980306436104584,10
2023-01-07 15:40:00,Zone 8,25.867917305062413,83.69099600746274,9
2023-01-07 15:50:00,Zone 10,33.00016620409982,39.17475936316461,9
2023-01-07 16:00:00,Zone 2,13.945600484614754,25.610678762659774,3
2023-01-07 16:10:00,Zone 1,19.46866163337717,68.01630329746658,5
2023-01-07 16:20:00,Zone 6,-3.5499656913152506,84.06499330569396,10
2023-01-07 16:30:00,Zone 4,-9.667508399591531,68.31346312798192,5
2023-01-07 16:40:00,Zone 8,14.938670376449561,34.66137292292839,6
2023-01-07 16:50:00,Zone 4,15.807316738513165,83.47969784363696,10
2023-01-07 17:00:00,Zone 8,29.56851348042987,84.88804557028543,7
2023-01-07 17:10:00,Zone 6,4.95209438540655,82.94613947157528,10
2023-01-07 17:20:00,Zone 6,-7.835004564576361,86.92880467238976,7
2023-01-07 17:30:00,Zone 8,30.48545488187345,24.327613570447994,5
2023-01-07 17:40:00,Zone 8,25.016849086329046,92.96757896372684,3
2023-01-07 17:50:00,Zone 10,37.9463308159265,84.29012523953283,5
2023-01-07 18:00:00,Zone 5,0.05878459133914227,45.99974255004782,4
2023-01-07 18:10:00,Zone 4,20.863616471888168,67.08511206300543,3
2023-01-07 18:20:00,Zone 3,2.6710348935657304,99.6762071049476,3
2023-01-07 18:30:00,Zone 6,11.265194804470301,48.64178539241522,2
2023-01-07 18:40:00,Zone 10,15.308632389298413,22.821867453073963,4
2023-01-07 18:50:00,Zone 3,33.15544671141499,64.2403409893647,6
2023-01-07 19:00:00,Zone 2,2.968366571180944,36.1353851329808,6
2023-01-07 19:10:00,Zone 9,-3.948062337641847,34.75383236289105,4
2023-01-07 19:20:00,Zone 8,7.109175235064612,56.891506773952344,8
2023-01-07 19:30:00,Zone 10,8.488204250470197,97.40247022079322,7
2023-01-07 19:40:00,Zone 2,26.028760839960462,58.60012885153057,3
2023-01-07 19:50:00,Zone 10,26.678271871114013,34.253100580634566,10
2023-01-07 20:00:00,Zone 4,34.10460949302804,49.32846445401724,2
2023-01-07 20:10:00,Zone 2,39.97772266774559,63.2185148572662,9
2023-01-07 20:20:00,Zone 8,28.812310468901984,22.062206496489914,2
2023-01-07 20:30:00,Zone 9,15.771830654043075,52.99216118910256,7
2023-01-07 20:40:00,Zone 6,14.124377997429765,98.1996222135747,7
2023-01-07 20:50:00,Zone 8,25.99756808499083,45.059576422565684,4
2023-01-07 21:00:00,Zone 6,-8.432081393903514,97.37145294770534,6
2023-01-07 21:10:00,Zone 9,23.284295233055616,42.01285088761435,1
2023-01-07 21:20:00,Zone 5,28.847315102728395,75.05721329269444,8
2023-01-07 21:30:00,Zone 10,36.465805452902686,28.26630745107261,10
2023-01-07 21:40:00,Zone 2,21.320151340421837,65.50692963142171,2
2023-01-07 21:50:00,Zone 3,0.59873019600826,30.52569393765588,7
2023-01-07 22:00:00,Zone 10,-9.143678833402548,26.30460385758856,8
2023-01-07 22:10:00,Zone 6,33.58545047999244,60.1513906641777,5
2023-01-07 22:20:00,Zone 4,14.97660650202619,21.38892160956444,5
2023-01-07 22:30:00,Zone 7,-0.30478617093126736,74.66826307058929,8
2023-01-07 22:40:00,Zone 3,8.462196754483344,57.95290554814859,9
2023-01-07 22:50:00,Zone 8,-5.5389103499254215,55.676214290095125,1
2023-01-07 23:00:00,Zone 2,31.489521862960267,94.45030401958702,1
2023-01-07 23:10:00,Zone 10,32.03731592849964,99.66229523089024,4
2023-01-07 23:20:00,Zone 6,8.442820340459352,31.903862547101724,3
2023-01-07 23:30:00,Zone 5,28.54097666790954,29.305649360535195,10
2023-01-07 23:40:00,Zone 5,8.034177521085521,54.33566345210308,9
2023-01-07 23:50:00,Zone 6,14.07805540973963,38.97055635008024,1
